named_location,site_id,collect_date,month,year,year_month,measured_reach_length,n,mean_wetted_width_m,sd_wetted_width_m,fixed_random_reach,1,2,3,pass_number,event_id,target_taxa_present,increased,site_int
ARIK.AOS.fish.point.01,ARIK,2016-04-12,4,2016,2016_4,80,1,5.980219298245614,2.8948037739250436,fixed,4,2,4,NA,NA,NA,depletion,1
ARIK.AOS.fish.point.01,ARIK,2016-10-11,10,2016,2016_10,80,1,5.980219298245614,2.8948037739250436,fixed,15,10,11,NA,NA,NA,depletion,2
ARIK.AOS.fish.point.01,ARIK,2017-04-10,4,2017,2017_4,80,1,5.980219298245614,2.8948037739250436,fixed,15,7,6,NA,NA,NA,depletion,3
ARIK.AOS.fish.point.01,ARIK,2018-04-02,4,2018,2018_4,86,1,5.980219298245614,2.8948037739250436,fixed,66,39,24,NA,NA,NA,depletion,4
ARIK.AOS.fish.point.01,ARIK,2018-10-15,10,2018,2018_10,86,1,5.980219298245614,2.8948037739250436,fixed,51,2,1,NA,NA,NA,depletion,5
ARIK.AOS.fish.point.01,ARIK,2019-04-09,4,2019,2019_4,86,1,5.980219298245614,2.8948037739250436,fixed,44,16,2,NA,NA,NA,depletion,6
ARIK.AOS.fish.point.01,ARIK,2019-10-14,10,2019,2019_10,86,1,5.980219298245614,2.8948037739250436,fixed,67,16,5,NA,NA,NA,depletion,7
ARIK.AOS.fish.point.01,ARIK,2021-04-05,4,2021,2021_4,91,1,5.980219298245614,2.8948037739250436,fixed,4,0,8,2,ARIK.2021.spring,N,no depletion,8
ARIK.AOS.fish.point.01,ARIK,2022-03-29,3,2022,2022_3,91,1,5.980219298245614,2.8948037739250436,fixed,1,0,1,2,ARIK.2022.spring,N,depletion,9
ARIK.AOS.fish.point.01,ARIK,2024-04-01,4,2024,2024_4,84,1,5.980219298245614,2.8948037739250436,fixed,17,11,9,NA,NA,NA,depletion,10
ARIK.AOS.fish.point.06,ARIK,2016-04-13,4,2016,2016_4,100,1,5.980219298245614,2.8948037739250436,fixed,26,10,18,NA,NA,NA,depletion,11
ARIK.AOS.fish.point.06,ARIK,2016-10-11,10,2016,2016_10,100,1,5.980219298245614,2.8948037739250436,fixed,54,40,5,NA,NA,NA,depletion,12
ARIK.AOS.fish.point.06,ARIK,2017-04-11,4,2017,2017_4,100,1,5.980219298245614,2.8948037739250436,fixed,99,33,26,NA,NA,NA,depletion,13
ARIK.AOS.fish.point.06,ARIK,2017-10-18,10,2017,2017_10,102,1,5.980219298245614,2.8948037739250436,fixed,82,40,26,NA,NA,NA,depletion,14
ARIK.AOS.fish.point.06,ARIK,2018-04-03,4,2018,2018_4,99,1,5.980219298245614,2.8948037739250436,fixed,48,44,19,NA,NA,NA,depletion,15
ARIK.AOS.fish.point.06,ARIK,2018-10-17,10,2018,2018_10,102,1,5.980219298245614,2.8948037739250436,fixed,29,13,35,NA,NA,NA,no depletion,16
ARIK.AOS.fish.point.06,ARIK,2019-04-10,4,2019,2019_4,102,1,5.980219298245614,2.8948037739250436,fixed,63,8,3,NA,NA,NA,depletion,17
ARIK.AOS.fish.point.06,ARIK,2019-10-15,10,2019,2019_10,102,1,5.980219298245614,2.8948037739250436,fixed,58,14,8,NA,NA,NA,depletion,18
ARIK.AOS.fish.point.06,ARIK,2021-04-06,4,2021,2021_4,95,1,5.980219298245614,2.8948037739250436,fixed,2,3,5,NA,NA,NA,no depletion,19
ARIK.AOS.fish.point.06,ARIK,2022-03-30,3,2022,2022_3,80,1,5.980219298245614,2.8948037739250436,fixed,3,7,4,NA,NA,NA,no depletion,20
ARIK.AOS.fish.point.06,ARIK,2024-04-02,4,2024,2024_4,100,1,5.980219298245614,2.8948037739250436,fixed,30,7,8,NA,NA,NA,depletion,21
ARIK.AOS.fish.point.09,ARIK,2016-04-14,4,2016,2016_4,120,1,5.980219298245614,2.8948037739250436,fixed,47,29,19,NA,NA,NA,depletion,22
ARIK.AOS.fish.point.09,ARIK,2016-10-12,10,2016,2016_10,120,1,5.980219298245614,2.8948037739250436,fixed,19,27,28,NA,NA,NA,no depletion,23
ARIK.AOS.fish.point.09,ARIK,2017-04-12,4,2017,2017_4,120,1,5.980219298245614,2.8948037739250436,fixed,82,24,22,NA,NA,NA,depletion,24
ARIK.AOS.fish.point.09,ARIK,2017-10-19,10,2017,2017_10,112,1,5.980219298245614,2.8948037739250436,fixed,81,47,13,NA,NA,NA,depletion,25
ARIK.AOS.fish.point.09,ARIK,2018-04-04,4,2018,2018_4,113,1,5.980219298245614,2.8948037739250436,fixed,71,42,12,NA,NA,NA,depletion,26
ARIK.AOS.fish.point.09,ARIK,2018-10-18,10,2018,2018_10,112,1,5.980219298245614,2.8948037739250436,fixed,92,28,23,NA,NA,NA,depletion,27
ARIK.AOS.fish.point.09,ARIK,2019-10-16,10,2019,2019_10,113,1,5.980219298245614,2.8948037739250436,fixed,99,40,23,NA,NA,NA,depletion,28
ARIK.AOS.fish.point.09,ARIK,2021-04-08,4,2021,2021_4,119,1,5.980219298245614,2.8948037739250436,fixed,7,5,6,NA,NA,NA,depletion,29
ARIK.AOS.fish.point.09,ARIK,2022-03-31,3,2022,2022_3,119,1,5.980219298245614,2.8948037739250436,fixed,2,1,8,NA,NA,NA,no depletion,30
ARIK.AOS.fish.point.09,ARIK,2024-04-03,4,2024,2024_4,113,1,5.980219298245614,2.8948037739250436,fixed,10,7,8,NA,NA,NA,depletion,31
BIGC.AOS.fish.point.01,BIGC,2018-05-15,5,2018,2018_5,102,1,3.966828282828283,1.0354408510994053,fixed,9,14,18,NA,NA,NA,no depletion,32
BIGC.AOS.fish.point.01,BIGC,2018-10-15,10,2018,2018_10,100,1,3.966828282828283,1.0354408510994053,fixed,34,22,15,NA,NA,NA,depletion,33
BIGC.AOS.fish.point.01,BIGC,2019-04-22,4,2019,2019_4,105,1,3.966828282828283,1.0354408510994053,fixed,27,7,10,NA,NA,NA,depletion,34
BIGC.AOS.fish.point.01,BIGC,2019-10-21,10,2019,2019_10,102,1,3.966828282828283,1.0354408510994053,fixed,54,11,10,NA,NA,NA,depletion,35
BIGC.AOS.fish.point.01,BIGC,2022-04-25,4,2022,2022_4,100,1,3.966828282828283,1.0354408510994053,fixed,24,9,13,NA,NA,NA,depletion,36
BIGC.AOS.fish.point.01,BIGC,2022-10-11,10,2022,2022_10,100,1,3.966828282828283,1.0354408510994053,fixed,12,8,2,NA,NA,NA,depletion,37
BIGC.AOS.fish.point.01,BIGC,2024-04-23,4,2024,2024_4,104,1,3.966828282828283,1.0354408510994053,fixed,3,2,0,3,BIGC.2024.spring,N,depletion,38
BIGC.AOS.fish.point.04,BIGC,2018-05-17,5,2018,2018_5,100,1,3.966828282828283,1.0354408510994053,fixed,59,42,18,NA,NA,NA,depletion,39
BIGC.AOS.fish.point.04,BIGC,2018-10-17,10,2018,2018_10,100,1,3.966828282828283,1.0354408510994053,fixed,56,29,8,NA,NA,NA,depletion,40
BIGC.AOS.fish.point.04,BIGC,2019-04-23,4,2019,2019_4,100,1,3.966828282828283,1.0354408510994053,fixed,36,23,17,NA,NA,NA,depletion,41
BIGC.AOS.fish.point.04,BIGC,2019-10-22,10,2019,2019_10,102,1,3.966828282828283,1.0354408510994053,fixed,55,26,22,NA,NA,NA,depletion,42
BIGC.AOS.fish.point.04,BIGC,2021-04-20,4,2021,2021_4,77,1,3.966828282828283,1.0354408510994053,fixed,25,8,3,NA,NA,NA,depletion,43
BIGC.AOS.fish.point.07,BIGC,2018-05-18,5,2018,2018_5,90,1,3.966828282828283,1.0354408510994053,fixed,56,36,20,NA,NA,NA,depletion,44
BIGC.AOS.fish.point.07,BIGC,2018-10-18,10,2018,2018_10,90,1,3.966828282828283,1.0354408510994053,fixed,51,14,9,NA,NA,NA,depletion,45
BIGC.AOS.fish.point.07,BIGC,2019-04-24,4,2019,2019_4,90,1,3.966828282828283,1.0354408510994053,fixed,15,12,7,NA,NA,NA,depletion,46
BIGC.AOS.fish.point.07,BIGC,2019-10-23,10,2019,2019_10,100,1,3.966828282828283,1.0354408510994053,fixed,53,8,12,NA,NA,NA,depletion,47
BIGC.AOS.fish.point.07,BIGC,2022-04-27,4,2022,2022_4,100,1,3.966828282828283,1.0354408510994053,fixed,55,6,2,NA,NA,NA,depletion,48
BLDE.AOS.fish.point.02,BLDE,2018-09-18,9,2018,2018_9,82,1,3.7208533333333333,1.6261107342312817,fixed,14,11,4,NA,NA,NA,depletion,49
BLDE.AOS.fish.point.02,BLDE,2019-09-23,9,2019,2019_9,82,1,3.7208533333333333,1.6261107342312817,fixed,22,15,10,NA,NA,NA,depletion,50
BLDE.AOS.fish.point.02,BLDE,2020-10-06,10,2020,2020_10,82,1,3.7208533333333333,1.6261107342312817,fixed,23,16,11,NA,NA,NA,depletion,51
BLDE.AOS.fish.point.02,BLDE,2023-09-18,9,2023,2023_9,80,1,3.7208533333333333,1.6261107342312817,fixed,22,15,10,NA,NA,NA,depletion,52
BLDE.AOS.fish.point.02,BLDE,2024-09-24,9,2024,2024_9,73,1,3.7208533333333333,1.6261107342312817,fixed,20,6,11,NA,NA,NA,depletion,53
BLDE.AOS.fish.point.03,BLDE,2018-09-18,9,2018,2018_9,90,1,3.7208533333333333,1.6261107342312817,fixed,23,9,14,NA,NA,NA,depletion,54
BLDE.AOS.fish.point.06,BLDE,2018-09-19,9,2018,2018_9,96,1,3.7208533333333333,1.6261107342312817,fixed,14,10,8,NA,NA,NA,depletion,55
BLDE.AOS.fish.point.06,BLDE,2019-09-25,9,2019,2019_9,96,1,3.7208533333333333,1.6261107342312817,fixed,26,19,5,NA,NA,NA,depletion,56
BLDE.AOS.fish.point.06,BLDE,2021-09-29,9,2021,2021_9,96,1,3.7208533333333333,1.6261107342312817,fixed,47,3,1,NA,NA,NA,depletion,57
BLUE.AOS.fish.point.02,BLUE,2017-03-23,3,2017,2017_3,98,1,22.79510416666667,3.2889626443447226,fixed,144,43,11,NA,NA,NA,depletion,58
BLUE.AOS.fish.point.02,BLUE,2017-10-31,10,2017,2017_10,98,1,22.79510416666667,3.2889626443447226,fixed,169,38,20,NA,NA,NA,depletion,59
BLUE.AOS.fish.point.04,BLUE,2017-03-24,3,2017,2017_3,98,1,22.79510416666667,3.2889626443447226,fixed,155,63,39,NA,NA,NA,depletion,60
BLUE.AOS.fish.point.04,BLUE,2017-11-01,11,2017,2017_11,98,1,22.79510416666667,3.2889626443447226,fixed,188,46,35,NA,NA,NA,depletion,61
BLUE.AOS.fish.point.04,BLUE,2022-03-29,3,2022,2022_3,101,1,22.79510416666667,3.2889626443447226,fixed,249,39,19,NA,NA,NA,depletion,62
BLUE.AOS.fish.point.04,BLUE,2022-10-26,10,2022,2022_10,100,1,22.79510416666667,3.2889626443447226,fixed,278,43,14,NA,NA,NA,depletion,63
BLUE.AOS.fish.point.04,BLUE,2023-11-01,11,2023,2023_11,100,1,22.79510416666667,3.2889626443447226,fixed,338,72,36,NA,NA,NA,depletion,64
BLUE.AOS.fish.point.04,BLUE,2024-03-27,3,2024,2024_3,101,1,22.79510416666667,3.2889626443447226,fixed,231,72,30,NA,NA,NA,depletion,65
BLUE.AOS.fish.point.04,BLUE,2024-10-29,10,2024,2024_10,101,1,22.79510416666667,3.2889626443447226,fixed,201,99,67,NA,NA,NA,depletion,66
BLUE.AOS.fish.point.04,BLUE,2025-03-25,3,2025,2025_3,90,1,22.79510416666667,3.2889626443447226,fixed,181,51,31,NA,NA,NA,depletion,67
BLUE.AOS.fish.point.07,BLUE,2017-03-22,3,2017,2017_3,80,1,22.79510416666667,3.2889626443447226,fixed,140,23,20,NA,NA,NA,depletion,68
BLUE.AOS.fish.point.07,BLUE,2017-11-02,11,2017,2017_11,80,1,22.79510416666667,3.2889626443447226,fixed,116,33,24,NA,NA,NA,depletion,69
CARI.AOS.fish.point.01,CARI,2016-09-26,9,2016,2016_9,95,1,2.968014598540146,1.0435256583527952,fixed,9,8,2,NA,NA,NA,depletion,70
CARI.AOS.fish.point.01,CARI,2018-09-04,9,2018,2018_9,100,1,2.968014598540146,1.0435256583527952,fixed,1,1,0,3,CARI.2018.fall,N,depletion,71
CARI.AOS.fish.point.01,CARI,2019-05-20,5,2019,2019_5,82,1,2.968014598540146,1.0435256583527952,fixed,1,0,0,2,CARI.2019.spring,N,depletion,72
CARI.AOS.fish.point.01,CARI,2019-05-20,5,2019,2019_5,82,1,2.968014598540146,1.0435256583527952,fixed,1,0,0,3,CARI.2019.spring,N,depletion,73
CARI.AOS.fish.point.01,CARI,2022-05-31,5,2022,2022_5,89,1,2.968014598540146,1.0435256583527952,fixed,2,1,0,3,CARI.2022.spring,N,depletion,74
CARI.AOS.fish.point.01,CARI,2022-08-25,8,2022,2022_8,79,1,2.968014598540146,1.0435256583527952,fixed,24,15,17,NA,NA,NA,depletion,75
CARI.AOS.fish.point.01,CARI,2023-06-06,6,2023,2023_6,80,1,2.968014598540146,1.0435256583527952,fixed,1,0,0,2,CARI.2023.spring,N,depletion,76
CARI.AOS.fish.point.01,CARI,2023-06-06,6,2023,2023_6,80,1,2.968014598540146,1.0435256583527952,fixed,1,0,0,3,CARI.2023.spring,N,depletion,77
CARI.AOS.fish.point.01,CARI,2024-05-15,5,2024,2024_5,71,1,2.968014598540146,1.0435256583527952,fixed,0,4,1,1,CARI.2024.spring,N,no depletion,78
CARI.AOS.fish.point.06,CARI,2022-08-26,8,2022,2022_8,92,1,2.968014598540146,1.0435256583527952,fixed,9,1,1,NA,NA,NA,depletion,79
CARI.AOS.fish.point.06,CARI,2023-06-08,6,2023,2023_6,91,1,2.968014598540146,1.0435256583527952,fixed,1,0,0,2,CARI.2023.spring,N,depletion,80
CARI.AOS.fish.point.06,CARI,2023-06-08,6,2023,2023_6,91,1,2.968014598540146,1.0435256583527952,fixed,1,0,0,3,CARI.2023.spring,N,depletion,81
CARI.AOS.fish.point.10,CARI,2019-09-17,9,2019,2019_9,97,1,2.968014598540146,1.0435256583527952,fixed,1,1,0,3,CARI.2019.fall,N,depletion,82
CARI.AOS.fish.point.10,CARI,2021-05-26,5,2021,2021_5,97,1,2.968014598540146,1.0435256583527952,fixed,1,0,0,2,CARI.2021.spring,N,depletion,83
CARI.AOS.fish.point.10,CARI,2021-05-26,5,2021,2021_5,97,1,2.968014598540146,1.0435256583527952,fixed,1,0,0,3,CARI.2021.spring,N,depletion,84
CARI.AOS.fish.point.10,CARI,2022-08-29,8,2022,2022_8,97,1,2.968014598540146,1.0435256583527952,fixed,12,1,1,NA,NA,NA,depletion,85
CUPE.AOS.fish.point.03,CUPE,2017-02-13,2,2017,2017_2,100,1,4.932379844961241,1.6409610407378739,fixed,10,4,5,NA,NA,NA,depletion,86
CUPE.AOS.fish.point.03,CUPE,2017-12-11,12,2017,2017_12,100,1,4.932379844961241,1.6409610407378739,fixed,5,1,2,NA,NA,NA,depletion,87
CUPE.AOS.fish.point.03,CUPE,2018-02-13,2,2018,2018_2,100,1,4.932379844961241,1.6409610407378739,fixed,4,1,0,3,CUPE.2018.spring,N,depletion,88
CUPE.AOS.fish.point.03,CUPE,2018-11-27,11,2018,2018_11,100,1,4.932379844961241,1.6409610407378739,fixed,7,3,3,NA,NA,NA,depletion,89
CUPE.AOS.fish.point.03,CUPE,2019-02-04,2,2019,2019_2,100,1,4.932379844961241,1.6409610407378739,fixed,18,9,3,NA,NA,NA,depletion,90
CUPE.AOS.fish.point.03,CUPE,2019-12-02,12,2019,2019_12,100,1,4.932379844961241,1.6409610407378739,fixed,14,8,4,NA,NA,NA,depletion,91
CUPE.AOS.fish.point.03,CUPE,2021-02-22,2,2021,2021_2,100,1,4.932379844961241,1.6409610407378739,fixed,41,12,8,NA,NA,NA,depletion,92
CUPE.AOS.fish.point.03,CUPE,2021-12-13,12,2021,2021_12,107,1,4.932379844961241,1.6409610407378739,fixed,47,12,2,NA,NA,NA,depletion,93
CUPE.AOS.fish.point.03,CUPE,2022-02-21,2,2022,2022_2,105,1,4.932379844961241,1.6409610407378739,fixed,54,2,4,NA,NA,NA,depletion,94
CUPE.AOS.fish.point.03,CUPE,2022-11-28,11,2022,2022_11,104,1,4.932379844961241,1.6409610407378739,fixed,7,7,6,NA,NA,NA,depletion,95
CUPE.AOS.fish.point.03,CUPE,2023-02-15,2,2023,2023_2,105,1,4.932379844961241,1.6409610407378739,fixed,22,9,6,NA,NA,NA,depletion,96
CUPE.AOS.fish.point.03,CUPE,2023-12-04,12,2023,2023_12,105,1,4.932379844961241,1.6409610407378739,fixed,35,13,14,NA,NA,NA,depletion,97
CUPE.AOS.fish.point.03,CUPE,2024-02-12,2,2024,2024_2,105,1,4.932379844961241,1.6409610407378739,fixed,70,8,1,NA,NA,NA,depletion,98
CUPE.AOS.fish.point.03,CUPE,2024-12-02,12,2024,2024_12,108,1,4.932379844961241,1.6409610407378739,fixed,9,10,4,NA,NA,NA,depletion,99
CUPE.AOS.fish.point.06,CUPE,2017-02-15,2,2017,2017_2,100,1,4.932379844961241,1.6409610407378739,fixed,19,11,2,NA,NA,NA,depletion,100
CUPE.AOS.fish.point.06,CUPE,2017-12-12,12,2017,2017_12,100,1,4.932379844961241,1.6409610407378739,fixed,6,3,2,NA,NA,NA,depletion,101
CUPE.AOS.fish.point.06,CUPE,2018-02-14,2,2018,2018_2,100,1,4.932379844961241,1.6409610407378739,fixed,0,0,2,1,CUPE.2018.spring,N,no depletion,102
CUPE.AOS.fish.point.06,CUPE,2018-02-14,2,2018,2018_2,100,1,4.932379844961241,1.6409610407378739,fixed,0,0,2,2,CUPE.2018.spring,N,no depletion,103
CUPE.AOS.fish.point.06,CUPE,2018-11-28,11,2018,2018_11,100,1,4.932379844961241,1.6409610407378739,fixed,6,3,5,NA,NA,NA,depletion,104
CUPE.AOS.fish.point.06,CUPE,2019-02-05,2,2019,2019_2,100,1,4.932379844961241,1.6409610407378739,fixed,26,20,5,NA,NA,NA,depletion,105
CUPE.AOS.fish.point.06,CUPE,2019-12-03,12,2019,2019_12,100,1,4.932379844961241,1.6409610407378739,fixed,20,25,19,NA,NA,NA,depletion,106
CUPE.AOS.fish.point.06,CUPE,2022-11-30,11,2022,2022_11,99,1,4.932379844961241,1.6409610407378739,fixed,16,11,6,NA,NA,NA,depletion,107
CUPE.AOS.fish.point.06,CUPE,2023-02-16,2,2023,2023_2,99,1,4.932379844961241,1.6409610407378739,fixed,34,17,26,NA,NA,NA,depletion,108
CUPE.AOS.fish.point.08,CUPE,2017-02-16,2,2017,2017_2,81,1,4.932379844961241,1.6409610407378739,fixed,4,7,1,NA,NA,NA,depletion,109
CUPE.AOS.fish.point.08,CUPE,2017-12-13,12,2017,2017_12,81,1,4.932379844961241,1.6409610407378739,fixed,5,4,2,NA,NA,NA,depletion,110
CUPE.AOS.fish.point.08,CUPE,2018-02-15,2,2018,2018_2,81,1,4.932379844961241,1.6409610407378739,fixed,3,4,1,NA,NA,NA,depletion,111
CUPE.AOS.fish.point.08,CUPE,2018-11-29,11,2018,2018_11,81,1,4.932379844961241,1.6409610407378739,fixed,8,4,2,NA,NA,NA,depletion,112
CUPE.AOS.fish.point.08,CUPE,2019-02-06,2,2019,2019_2,81,1,4.932379844961241,1.6409610407378739,fixed,5,0,0,2,CUPE.2019.spring,N,depletion,113
CUPE.AOS.fish.point.08,CUPE,2019-02-06,2,2019,2019_2,81,1,4.932379844961241,1.6409610407378739,fixed,5,0,0,3,CUPE.2019.spring,N,depletion,114
CUPE.AOS.fish.point.08,CUPE,2019-12-04,12,2019,2019_12,81,1,4.932379844961241,1.6409610407378739,fixed,4,3,3,NA,NA,NA,depletion,115
CUPE.AOS.fish.point.08,CUPE,2022-12-01,12,2022,2022_12,85,1,4.932379844961241,1.6409610407378739,fixed,11,5,4,NA,NA,NA,depletion,116
CUPE.AOS.fish.point.08,CUPE,2025-02-10,2,2025,2025_2,89,1,4.932379844961241,1.6409610407378739,fixed,15,9,5,NA,NA,NA,depletion,117
GUIL.AOS.fish.point.02,GUIL,2017-12-04,12,2017,2017_12,88,1,5.826590436590436,1.76249457262973,fixed,0,0,1,1,GUIL.2017.fall,N,no depletion,118
GUIL.AOS.fish.point.02,GUIL,2017-12-04,12,2017,2017_12,88,1,5.826590436590436,1.76249457262973,fixed,0,0,1,2,GUIL.2017.fall,N,no depletion,119
GUIL.AOS.fish.point.02,GUIL,2018-02-06,2,2018,2018_2,88,1,5.826590436590436,1.76249457262973,fixed,6,3,3,NA,NA,NA,depletion,120
GUIL.AOS.fish.point.05,GUIL,2017-12-05,12,2017,2017_12,120,1,5.826590436590436,1.76249457262973,fixed,4,5,6,NA,NA,NA,no depletion,121
GUIL.AOS.fish.point.05,GUIL,2018-02-07,2,2018,2018_2,120,1,5.826590436590436,1.76249457262973,fixed,17,12,10,NA,NA,NA,depletion,122
GUIL.AOS.fish.point.09,GUIL,2017-12-07,12,2017,2017_12,80,1,5.826590436590436,1.76249457262973,fixed,4,2,11,NA,NA,NA,no depletion,123
GUIL.AOS.fish.point.09,GUIL,2018-02-08,2,2018,2018_2,94,1,5.826590436590436,1.76249457262973,fixed,83,23,1,NA,NA,NA,depletion,124
GUIL.AOS.fish.point.09,GUIL,2022-12-22,12,2022,2022_12,80,1,5.826590436590436,1.76249457262973,fixed,76,17,7,NA,NA,NA,depletion,125
HOPB.AOS.fish.point.04,HOPB,2016-10-25,10,2016,2016_10,80,1,5.265095676824947,1.5102999706938192,fixed,72,36,20,NA,NA,NA,depletion,126
HOPB.AOS.fish.point.04,HOPB,2017-05-02,5,2017,2017_5,80,1,5.265095676824947,1.5102999706938192,fixed,6,4,12,NA,NA,NA,no depletion,127
HOPB.AOS.fish.point.04,HOPB,2017-10-24,10,2017,2017_10,80,1,5.265095676824947,1.5102999706938192,fixed,49,25,21,NA,NA,NA,depletion,128
HOPB.AOS.fish.point.04,HOPB,2018-04-30,4,2018,2018_4,80,1,5.265095676824947,1.5102999706938192,fixed,17,10,13,NA,NA,NA,depletion,129
HOPB.AOS.fish.point.04,HOPB,2018-10-22,10,2018,2018_10,80,1,5.265095676824947,1.5102999706938192,fixed,24,19,9,NA,NA,NA,depletion,130
HOPB.AOS.fish.point.04,HOPB,2019-05-07,5,2019,2019_5,83,1,5.265095676824947,1.5102999706938192,fixed,20,7,7,NA,NA,NA,depletion,131
HOPB.AOS.fish.point.04,HOPB,2019-10-22,10,2019,2019_10,82,1,5.265095676824947,1.5102999706938192,fixed,57,39,28,NA,NA,NA,depletion,132
HOPB.AOS.fish.point.04,HOPB,2020-10-26,10,2020,2020_10,91,1,5.265095676824947,1.5102999706938192,fixed,56,18,15,NA,NA,NA,depletion,133
HOPB.AOS.fish.point.04,HOPB,2021-05-04,5,2021,2021_5,96,1,5.265095676824947,1.5102999706938192,fixed,10,13,11,NA,NA,NA,no depletion,134
HOPB.AOS.fish.point.04,HOPB,2021-10-29,10,2021,2021_10,87,1,5.265095676824947,1.5102999706938192,fixed,31,20,13,NA,NA,NA,depletion,135
HOPB.AOS.fish.point.04,HOPB,2022-05-05,5,2022,2022_5,81,1,5.265095676824947,1.5102999706938192,fixed,4,0,3,2,HOPB.2022.spring,N,depletion,136
HOPB.AOS.fish.point.04,HOPB,2022-10-25,10,2022,2022_10,90,1,5.265095676824947,1.5102999706938192,fixed,69,36,31,NA,NA,NA,depletion,137
HOPB.AOS.fish.point.04,HOPB,2023-10-24,10,2023,2023_10,82,1,5.265095676824947,1.5102999706938192,fixed,51,23,24,NA,NA,NA,depletion,138
HOPB.AOS.fish.point.04,HOPB,2024-05-21,5,2024,2024_5,86,1,5.265095676824947,1.5102999706938192,fixed,42,36,9,NA,NA,NA,depletion,139
HOPB.AOS.fish.point.04,HOPB,2024-10-22,10,2024,2024_10,99,1,5.265095676824947,1.5102999706938192,fixed,50,35,32,NA,NA,NA,depletion,140
HOPB.AOS.fish.point.06,HOPB,2016-10-26,10,2016,2016_10,80,1,5.265095676824947,1.5102999706938192,fixed,74,15,8,NA,NA,NA,depletion,141
HOPB.AOS.fish.point.06,HOPB,2017-05-03,5,2017,2017_5,80,1,5.265095676824947,1.5102999706938192,fixed,25,14,8,NA,NA,NA,depletion,142
HOPB.AOS.fish.point.06,HOPB,2017-11-03,11,2017,2017_11,80,1,5.265095676824947,1.5102999706938192,fixed,25,21,14,NA,NA,NA,depletion,143
HOPB.AOS.fish.point.06,HOPB,2018-05-01,5,2018,2018_5,82,1,5.265095676824947,1.5102999706938192,fixed,18,20,16,NA,NA,NA,depletion,144
HOPB.AOS.fish.point.06,HOPB,2018-10-23,10,2018,2018_10,82,1,5.265095676824947,1.5102999706938192,fixed,27,18,11,NA,NA,NA,depletion,145
HOPB.AOS.fish.point.06,HOPB,2019-05-08,5,2019,2019_5,82,1,5.265095676824947,1.5102999706938192,fixed,10,7,5,NA,NA,NA,depletion,146
HOPB.AOS.fish.point.06,HOPB,2019-10-24,10,2019,2019_10,86,1,5.265095676824947,1.5102999706938192,fixed,30,19,13,NA,NA,NA,depletion,147
HOPB.AOS.fish.point.06,HOPB,2020-10-27,10,2020,2020_10,93,1,5.265095676824947,1.5102999706938192,fixed,76,28,22,NA,NA,NA,depletion,148
HOPB.AOS.fish.point.06,HOPB,2022-05-06,5,2022,2022_5,77,1,5.265095676824947,1.5102999706938192,fixed,34,14,5,NA,NA,NA,depletion,149
HOPB.AOS.fish.point.06,HOPB,2022-10-26,10,2022,2022_10,74,1,5.265095676824947,1.5102999706938192,fixed,56,32,27,NA,NA,NA,depletion,150
HOPB.AOS.fish.point.06,HOPB,2023-10-25,10,2023,2023_10,76,1,5.265095676824947,1.5102999706938192,fixed,53,36,14,NA,NA,NA,depletion,151
HOPB.AOS.fish.point.06,HOPB,2024-05-22,5,2024,2024_5,70,1,5.265095676824947,1.5102999706938192,fixed,40,21,7,NA,NA,NA,depletion,152
HOPB.AOS.fish.point.06,HOPB,2024-10-23,10,2024,2024_10,75,1,5.265095676824947,1.5102999706938192,fixed,55,42,14,NA,NA,NA,depletion,153
HOPB.AOS.fish.point.10,HOPB,2016-10-27,10,2016,2016_10,120,1,5.265095676824947,1.5102999706938192,fixed,109,4,1,NA,NA,NA,depletion,154
HOPB.AOS.fish.point.10,HOPB,2017-05-04,5,2017,2017_5,120,1,5.265095676824947,1.5102999706938192,fixed,72,33,1,NA,NA,NA,depletion,155
HOPB.AOS.fish.point.10,HOPB,2017-11-08,11,2017,2017_11,120,1,5.265095676824947,1.5102999706938192,fixed,86,18,8,NA,NA,NA,depletion,156
HOPB.AOS.fish.point.10,HOPB,2018-05-03,5,2018,2018_5,99,1,5.265095676824947,1.5102999706938192,fixed,83,18,14,NA,NA,NA,depletion,157
HOPB.AOS.fish.point.10,HOPB,2018-10-25,10,2018,2018_10,99,1,5.265095676824947,1.5102999706938192,fixed,86,57,34,NA,NA,NA,depletion,158
HOPB.AOS.fish.point.10,HOPB,2019-05-09,5,2019,2019_5,95,1,5.265095676824947,1.5102999706938192,fixed,76,38,25,NA,NA,NA,depletion,159
HOPB.AOS.fish.point.10,HOPB,2019-10-25,10,2019,2019_10,93,1,5.265095676824947,1.5102999706938192,fixed,93,84,73,NA,NA,NA,depletion,160
HOPB.AOS.fish.point.10,HOPB,2020-10-29,10,2020,2020_10,93,1,5.265095676824947,1.5102999706938192,fixed,102,80,46,NA,NA,NA,depletion,161
HOPB.AOS.fish.point.10,HOPB,2023-10-26,10,2023,2023_10,87,1,5.265095676824947,1.5102999706938192,fixed,110,8,4,NA,NA,NA,depletion,162
HOPB.AOS.fish.point.10,HOPB,2024-10-24,10,2024,2024_10,98,1,5.265095676824947,1.5102999706938192,fixed,98,25,3,NA,NA,NA,depletion,163
KING.AOS.fish.point.01,KING,2017-04-11,4,2017,2017_4,98,1,4.6273333333333335,1.8610975334294324,fixed,30,45,11,NA,NA,NA,depletion,164
KING.AOS.fish.point.01,KING,2018-11-01,11,2018,2018_11,115,1,4.6273333333333335,1.8610975334294324,fixed,158,50,12,NA,NA,NA,depletion,165
KING.AOS.fish.point.01,KING,2019-04-08,4,2019,2019_4,121,1,4.6273333333333335,1.8610975334294324,fixed,23,27,35,NA,NA,NA,no depletion,166
KING.AOS.fish.point.01,KING,2019-10-21,10,2019,2019_10,120,1,4.6273333333333335,1.8610975334294324,fixed,92,36,15,NA,NA,NA,depletion,167
KING.AOS.fish.point.01,KING,2020-06-18,6,2020,2020_6,120,1,4.6273333333333335,1.8610975334294324,fixed,127,32,13,NA,NA,NA,depletion,168
KING.AOS.fish.point.01,KING,2021-04-29,4,2021,2021_4,130,1,4.6273333333333335,1.8610975334294324,fixed,170,8,5,NA,NA,NA,depletion,169
KING.AOS.fish.point.01,KING,2022-05-16,5,2022,2022_5,120,1,4.6273333333333335,1.8610975334294324,fixed,187,24,17,NA,NA,NA,depletion,170
KING.AOS.fish.point.01,KING,2024-06-05,6,2024,2024_6,128,1,4.6273333333333335,1.8610975334294324,fixed,118,30,11,NA,NA,NA,depletion,171
KING.AOS.fish.point.01,KING,2024-11-07,11,2024,2024_11,120,1,4.6273333333333335,1.8610975334294324,fixed,131,45,0,3,KING.2024.fall,N,depletion,172
KING.AOS.fish.point.03,KING,2017-04-12,4,2017,2017_4,80,1,4.6273333333333335,1.8610975334294324,fixed,42,17,24,NA,NA,NA,depletion,173
KING.AOS.fish.point.03,KING,2017-10-19,10,2017,2017_10,80,1,4.6273333333333335,1.8610975334294324,fixed,142,33,8,NA,NA,NA,depletion,174
KING.AOS.fish.point.03,KING,2018-04-12,4,2018,2018_4,127,1,4.6273333333333335,1.8610975334294324,fixed,116,54,17,NA,NA,NA,depletion,175
KING.AOS.fish.point.03,KING,2018-10-31,10,2018,2018_10,70,1,4.6273333333333335,1.8610975334294324,fixed,4,3,0,3,KING.2018.fall,N,depletion,176
KING.AOS.fish.point.03,KING,2019-04-09,4,2019,2019_4,89,1,4.6273333333333335,1.8610975334294324,fixed,31,29,28,NA,NA,NA,depletion,177
KING.AOS.fish.point.03,KING,2019-10-22,10,2019,2019_10,100,1,4.6273333333333335,1.8610975334294324,fixed,28,14,12,NA,NA,NA,depletion,178
KING.AOS.fish.point.03,KING,2020-10-20,10,2020,2020_10,65,1,4.6273333333333335,1.8610975334294324,fixed,212,21,11,NA,NA,NA,depletion,179
KING.AOS.fish.point.03,KING,2021-10-20,10,2021,2021_10,94,1,4.6273333333333335,1.8610975334294324,fixed,157,57,14,NA,NA,NA,depletion,180
KING.AOS.fish.point.04,KING,2017-04-13,4,2017,2017_4,100,1,4.6273333333333335,1.8610975334294324,fixed,26,37,29,NA,NA,NA,no depletion,181
KING.AOS.fish.point.04,KING,2017-10-20,10,2017,2017_10,100,1,4.6273333333333335,1.8610975334294324,fixed,177,56,44,NA,NA,NA,depletion,182
KING.AOS.fish.point.04,KING,2019-04-10,4,2019,2019_4,101,1,4.6273333333333335,1.8610975334294324,fixed,68,62,36,NA,NA,NA,depletion,183
KING.AOS.fish.point.04,KING,2019-10-23,10,2019,2019_10,87,1,4.6273333333333335,1.8610975334294324,fixed,31,12,11,NA,NA,NA,depletion,184
KING.AOS.fish.point.04,KING,2020-10-21,10,2020,2020_10,60,1,4.6273333333333335,1.8610975334294324,fixed,171,51,56,NA,NA,NA,depletion,185
KING.AOS.fish.point.04,KING,2021-10-21,10,2021,2021_10,78,1,4.6273333333333335,1.8610975334294324,fixed,172,40,15,NA,NA,NA,depletion,186
LECO.AOS.fish.point.01,LECO,2016-10-17,10,2016,2016_10,114,1,6.501388888888889,2.0796566589281245,fixed,95,44,20,NA,NA,NA,depletion,187
LECO.AOS.fish.point.01,LECO,2017-11-01,11,2017,2017_11,80,1,6.501388888888889,2.0796566589281245,fixed,50,21,7,NA,NA,NA,depletion,188
LECO.AOS.fish.point.01,LECO,2018-06-05,6,2018,2018_6,70,1,6.501388888888889,2.0796566589281245,fixed,72,27,7,NA,NA,NA,depletion,189
LECO.AOS.fish.point.01,LECO,2018-10-23,10,2018,2018_10,70,1,6.501388888888889,2.0796566589281245,fixed,87,36,21,NA,NA,NA,depletion,190
LECO.AOS.fish.point.01,LECO,2019-04-10,4,2019,2019_4,83,1,6.501388888888889,2.0796566589281245,fixed,46,15,2,NA,NA,NA,depletion,191
LECO.AOS.fish.point.01,LECO,2019-10-21,10,2019,2019_10,87,1,6.501388888888889,2.0796566589281245,fixed,96,57,27,NA,NA,NA,depletion,192
LECO.AOS.fish.point.01,LECO,2021-05-24,5,2021,2021_5,88,1,6.501388888888889,2.0796566589281245,fixed,54,23,13,NA,NA,NA,depletion,193
LECO.AOS.fish.point.01,LECO,2021-11-02,11,2021,2021_11,NA,NA,6.501388888888889,2.0796566589281245,fixed,73,41,11,NA,NA,NA,depletion,194
LECO.AOS.fish.point.01,LECO,2022-04-06,4,2022,2022_4,88,1,6.501388888888889,2.0796566589281245,fixed,42,24,3,NA,NA,NA,depletion,195
LECO.AOS.fish.point.01,LECO,2022-10-31,10,2022,2022_10,90,1,6.501388888888889,2.0796566589281245,fixed,91,20,6,NA,NA,NA,depletion,196
LECO.AOS.fish.point.01,LECO,2023-04-04,4,2023,2023_4,92,1,6.501388888888889,2.0796566589281245,fixed,31,25,7,NA,NA,NA,depletion,197
LECO.AOS.fish.point.01,LECO,2023-10-30,10,2023,2023_10,90,1,6.501388888888889,2.0796566589281245,fixed,75,30,7,NA,NA,NA,depletion,198
LECO.AOS.fish.point.01,LECO,2024-04-22,4,2024,2024_4,95,1,6.501388888888889,2.0796566589281245,fixed,62,14,15,NA,NA,NA,depletion,199
LECO.AOS.fish.point.04,LECO,2016-10-18,10,2016,2016_10,105,1,6.501388888888889,2.0796566589281245,fixed,46,21,11,NA,NA,NA,depletion,200
LECO.AOS.fish.point.04,LECO,2017-11-02,11,2017,2017_11,105,1,6.501388888888889,2.0796566589281245,fixed,38,11,7,NA,NA,NA,depletion,201
LECO.AOS.fish.point.04,LECO,2018-06-06,6,2018,2018_6,92,1,6.501388888888889,2.0796566589281245,fixed,68,33,16,NA,NA,NA,depletion,202
LECO.AOS.fish.point.04,LECO,2018-10-24,10,2018,2018_10,92,1,6.501388888888889,2.0796566589281245,fixed,70,31,8,NA,NA,NA,depletion,203
LECO.AOS.fish.point.04,LECO,2019-04-11,4,2019,2019_4,90,1,6.501388888888889,2.0796566589281245,fixed,27,20,10,NA,NA,NA,depletion,204
LECO.AOS.fish.point.04,LECO,2019-10-22,10,2019,2019_10,97,1,6.501388888888889,2.0796566589281245,fixed,57,41,19,NA,NA,NA,depletion,205
LECO.AOS.fish.point.04,LECO,2021-05-25,5,2021,2021_5,90,1,6.501388888888889,2.0796566589281245,fixed,33,18,13,NA,NA,NA,depletion,206
LECO.AOS.fish.point.04,LECO,2021-11-02,11,2021,2021_11,86,1,6.501388888888889,2.0796566589281245,fixed,69,41,8,NA,NA,NA,depletion,207
LECO.AOS.fish.point.04,LECO,2022-11-01,11,2022,2022_11,98,1,6.501388888888889,2.0796566589281245,fixed,51,26,8,NA,NA,NA,depletion,208
LECO.AOS.fish.point.04,LECO,2023-04-05,4,2023,2023_4,88,1,6.501388888888889,2.0796566589281245,fixed,37,16,4,NA,NA,NA,depletion,209
LECO.AOS.fish.point.04,LECO,2023-10-31,10,2023,2023_10,89,1,6.501388888888889,2.0796566589281245,fixed,39,36,11,NA,NA,NA,depletion,210
LECO.AOS.fish.point.04,LECO,2024-04-23,4,2024,2024_4,93,1,6.501388888888889,2.0796566589281245,fixed,36,7,8,NA,NA,NA,depletion,211
LECO.AOS.fish.point.04,LECO,2024-10-28,10,2024,2024_10,96,1,6.501388888888889,2.0796566589281245,fixed,76,15,8,NA,NA,NA,depletion,212
LECO.AOS.fish.point.10,LECO,2016-10-19,10,2016,2016_10,95,1,6.501388888888889,2.0796566589281245,fixed,73,37,14,NA,NA,NA,depletion,213
LECO.AOS.fish.point.10,LECO,2017-11-28,11,2017,2017_11,95,1,6.501388888888889,2.0796566589281245,fixed,61,22,8,NA,NA,NA,depletion,214
LECO.AOS.fish.point.10,LECO,2018-06-07,6,2018,2018_6,92,1,6.501388888888889,2.0796566589281245,fixed,47,40,25,NA,NA,NA,depletion,215
LECO.AOS.fish.point.10,LECO,2018-10-25,10,2018,2018_10,87,1,6.501388888888889,2.0796566589281245,fixed,46,18,9,NA,NA,NA,depletion,216
LECO.AOS.fish.point.10,LECO,2019-04-17,4,2019,2019_4,95,1,6.501388888888889,2.0796566589281245,fixed,31,14,5,NA,NA,NA,depletion,217
LECO.AOS.fish.point.10,LECO,2019-10-23,10,2019,2019_10,99,1,6.501388888888889,2.0796566589281245,fixed,89,47,11,NA,NA,NA,depletion,218
LECO.AOS.fish.point.10,LECO,2021-05-26,5,2021,2021_5,107,1,6.501388888888889,2.0796566589281245,fixed,75,25,12,NA,NA,NA,depletion,219
LECO.AOS.fish.point.10,LECO,2021-11-03,11,2021,2021_11,114,1,6.501388888888889,2.0796566589281245,fixed,67,34,17,NA,NA,NA,depletion,220
LECO.AOS.fish.point.10,LECO,2022-11-02,11,2022,2022_11,120,1,6.501388888888889,2.0796566589281245,fixed,95,15,9,NA,NA,NA,depletion,221
LECO.AOS.fish.point.10,LECO,2023-04-06,4,2023,2023_4,120,1,6.501388888888889,2.0796566589281245,fixed,36,22,10,NA,NA,NA,depletion,222
LECO.AOS.fish.point.10,LECO,2023-11-02,11,2023,2023_11,120,1,6.501388888888889,2.0796566589281245,fixed,111,3,3,NA,NA,NA,depletion,223
LECO.AOS.fish.point.10,LECO,2024-10-30,10,2024,2024_10,120,1,6.501388888888889,2.0796566589281245,fixed,77,15,9,NA,NA,NA,depletion,224
LEWI.AOS.fish.point.01,LEWI,2017-04-10,4,2017,2017_4,100,1,3.169672839506173,0.8110109776131906,fixed,194,13,5,NA,NA,NA,depletion,225
LEWI.AOS.fish.point.01,LEWI,2017-11-13,11,2017,2017_11,99,1,3.169672839506173,0.8110109776131906,fixed,118,48,15,NA,NA,NA,depletion,226
LEWI.AOS.fish.point.01,LEWI,2018-04-09,4,2018,2018_4,100,1,3.169672839506173,0.8110109776131906,fixed,94,25,16,NA,NA,NA,depletion,227
LEWI.AOS.fish.point.01,LEWI,2018-10-29,10,2018,2018_10,99,1,3.169672839506173,0.8110109776131906,fixed,86,20,14,NA,NA,NA,depletion,228
LEWI.AOS.fish.point.01,LEWI,2019-04-16,4,2019,2019_4,99,1,3.169672839506173,0.8110109776131906,fixed,59,50,43,NA,NA,NA,depletion,229
LEWI.AOS.fish.point.01,LEWI,2019-10-29,10,2019,2019_10,99,1,3.169672839506173,0.8110109776131906,fixed,95,28,22,NA,NA,NA,depletion,230
LEWI.AOS.fish.point.01,LEWI,2020-10-26,10,2020,2020_10,98,1,3.169672839506173,0.8110109776131906,fixed,73,16,5,NA,NA,NA,depletion,231
LEWI.AOS.fish.point.01,LEWI,2021-04-12,4,2021,2021_4,99,1,3.169672839506173,0.8110109776131906,fixed,60,13,11,NA,NA,NA,depletion,232
LEWI.AOS.fish.point.01,LEWI,2021-11-08,11,2021,2021_11,98,1,3.169672839506173,0.8110109776131906,fixed,74,18,12,NA,NA,NA,depletion,233
LEWI.AOS.fish.point.01,LEWI,2022-04-11,4,2022,2022_4,99,1,3.169672839506173,0.8110109776131906,fixed,57,7,5,NA,NA,NA,depletion,234
LEWI.AOS.fish.point.01,LEWI,2022-11-07,11,2022,2022_11,110,1,3.169672839506173,0.8110109776131906,fixed,36,48,11,NA,NA,NA,depletion,235
LEWI.AOS.fish.point.01,LEWI,2023-04-10,4,2023,2023_4,94,1,3.169672839506173,0.8110109776131906,fixed,49,16,6,NA,NA,NA,depletion,236
LEWI.AOS.fish.point.01,LEWI,2023-11-06,11,2023,2023_11,98,1,3.169672839506173,0.8110109776131906,fixed,67,18,16,NA,NA,NA,depletion,237
LEWI.AOS.fish.point.01,LEWI,2024-04-08,4,2024,2024_4,97,1,3.169672839506173,0.8110109776131906,fixed,70,12,13,NA,NA,NA,depletion,238
LEWI.AOS.fish.point.01,LEWI,2024-11-04,11,2024,2024_11,102,1,3.169672839506173,0.8110109776131906,fixed,68,13,15,NA,NA,NA,depletion,239
LEWI.AOS.fish.point.04,LEWI,2017-04-11,4,2017,2017_4,95,1,3.169672839506173,0.8110109776131906,fixed,127,43,14,NA,NA,NA,depletion,240
LEWI.AOS.fish.point.04,LEWI,2017-11-14,11,2017,2017_11,104,1,3.169672839506173,0.8110109776131906,fixed,86,26,11,NA,NA,NA,depletion,241
LEWI.AOS.fish.point.04,LEWI,2018-04-10,4,2018,2018_4,96,1,3.169672839506173,0.8110109776131906,fixed,75,19,18,NA,NA,NA,depletion,242
LEWI.AOS.fish.point.04,LEWI,2018-10-30,10,2018,2018_10,95,1,3.169672839506173,0.8110109776131906,fixed,75,19,17,NA,NA,NA,depletion,243
LEWI.AOS.fish.point.04,LEWI,2019-04-17,4,2019,2019_4,101,1,3.169672839506173,0.8110109776131906,fixed,63,23,9,NA,NA,NA,depletion,244
LEWI.AOS.fish.point.04,LEWI,2019-10-30,10,2019,2019_10,96,1,3.169672839506173,0.8110109776131906,fixed,92,15,14,NA,NA,NA,depletion,245
LEWI.AOS.fish.point.04,LEWI,2020-10-27,10,2020,2020_10,98,1,3.169672839506173,0.8110109776131906,fixed,61,10,3,NA,NA,NA,depletion,246
LEWI.AOS.fish.point.04,LEWI,2021-04-13,4,2021,2021_4,99,1,3.169672839506173,0.8110109776131906,fixed,70,13,8,NA,NA,NA,depletion,247
LEWI.AOS.fish.point.04,LEWI,2021-11-09,11,2021,2021_11,98,1,3.169672839506173,0.8110109776131906,fixed,62,4,11,NA,NA,NA,depletion,248
LEWI.AOS.fish.point.04,LEWI,2022-04-12,4,2022,2022_4,99,1,3.169672839506173,0.8110109776131906,fixed,63,14,5,NA,NA,NA,depletion,249
LEWI.AOS.fish.point.04,LEWI,2022-11-08,11,2022,2022_11,95,1,3.169672839506173,0.8110109776131906,fixed,57,10,10,NA,NA,NA,depletion,250
LEWI.AOS.fish.point.04,LEWI,2023-04-11,4,2023,2023_4,96,1,3.169672839506173,0.8110109776131906,fixed,42,39,9,NA,NA,NA,depletion,251
LEWI.AOS.fish.point.04,LEWI,2023-11-07,11,2023,2023_11,96,1,3.169672839506173,0.8110109776131906,fixed,62,11,5,NA,NA,NA,depletion,252
LEWI.AOS.fish.point.09,LEWI,2017-04-13,4,2017,2017_4,100,1,3.169672839506173,0.8110109776131906,fixed,90,24,4,NA,NA,NA,depletion,253
LEWI.AOS.fish.point.09,LEWI,2017-11-16,11,2017,2017_11,101,1,3.169672839506173,0.8110109776131906,fixed,92,26,5,NA,NA,NA,depletion,254
LEWI.AOS.fish.point.09,LEWI,2018-04-11,4,2018,2018_4,99,1,3.169672839506173,0.8110109776131906,fixed,49,26,15,NA,NA,NA,depletion,255
LEWI.AOS.fish.point.09,LEWI,2018-10-31,10,2018,2018_10,96,1,3.169672839506173,0.8110109776131906,fixed,60,40,2,NA,NA,NA,depletion,256
LEWI.AOS.fish.point.09,LEWI,2019-04-18,4,2019,2019_4,97,1,3.169672839506173,0.8110109776131906,fixed,48,32,14,NA,NA,NA,depletion,257
LEWI.AOS.fish.point.09,LEWI,2019-11-01,11,2019,2019_11,97,1,3.169672839506173,0.8110109776131906,fixed,69,8,1,NA,NA,NA,depletion,258
LEWI.AOS.fish.point.09,LEWI,2020-10-28,10,2020,2020_10,98,1,3.169672839506173,0.8110109776131906,fixed,63,40,1,NA,NA,NA,depletion,259
LEWI.AOS.fish.point.09,LEWI,2021-11-10,11,2021,2021_11,101,1,3.169672839506173,0.8110109776131906,fixed,87,18,2,NA,NA,NA,depletion,260
LEWI.AOS.fish.point.09,LEWI,2022-04-13,4,2022,2022_4,102,1,3.169672839506173,0.8110109776131906,fixed,57,15,4,NA,NA,NA,depletion,261
LEWI.AOS.fish.point.09,LEWI,2022-11-09,11,2022,2022_11,99,1,3.169672839506173,0.8110109776131906,fixed,67,8,15,NA,NA,NA,depletion,262
LEWI.AOS.fish.point.09,LEWI,2023-04-12,4,2023,2023_4,99,1,3.169672839506173,0.8110109776131906,fixed,67,28,6,NA,NA,NA,depletion,263
LEWI.AOS.fish.point.09,LEWI,2023-11-08,11,2023,2023_11,99,1,3.169672839506173,0.8110109776131906,fixed,74,14,14,NA,NA,NA,depletion,264
MART.AOS.fish.point.01,MART,2018-10-15,10,2018,2018_10,111,1,4.778483333333333,1.6384101102786939,fixed,51,37,18,NA,NA,NA,depletion,265
MART.AOS.fish.point.01,MART,2019-10-14,10,2019,2019_10,111,1,4.778483333333333,1.6384101102786939,fixed,27,14,5,NA,NA,NA,depletion,266
MART.AOS.fish.point.01,MART,2020-09-27,9,2020,2020_9,110,1,4.778483333333333,1.6384101102786939,fixed,14,10,5,NA,NA,NA,depletion,267
MART.AOS.fish.point.01,MART,2022-10-10,10,2022,2022_10,119,1,4.778483333333333,1.6384101102786939,fixed,25,20,9,NA,NA,NA,depletion,268
MART.AOS.fish.point.01,MART,2023-10-09,10,2023,2023_10,120,1,4.778483333333333,1.6384101102786939,fixed,20,14,12,NA,NA,NA,depletion,269
MART.AOS.fish.point.01,MART,2024-09-30,9,2024,2024_9,120,1,4.778483333333333,1.6384101102786939,fixed,21,14,10,NA,NA,NA,depletion,270
MART.AOS.fish.point.03,MART,2018-10-16,10,2018,2018_10,102,1,4.778483333333333,1.6384101102786939,fixed,52,27,25,NA,NA,NA,depletion,271
MART.AOS.fish.point.03,MART,2019-10-16,10,2019,2019_10,91,1,4.778483333333333,1.6384101102786939,fixed,32,12,13,NA,NA,NA,depletion,272
MART.AOS.fish.point.03,MART,2020-09-28,9,2020,2020_9,92,1,4.778483333333333,1.6384101102786939,fixed,12,20,9,NA,NA,NA,depletion,273
MART.AOS.fish.point.03,MART,2022-10-11,10,2022,2022_10,92,1,4.778483333333333,1.6384101102786939,fixed,22,13,4,NA,NA,NA,depletion,274
MART.AOS.fish.point.03,MART,2024-10-01,10,2024,2024_10,84,1,4.778483333333333,1.6384101102786939,fixed,20,18,5,NA,NA,NA,depletion,275
MART.AOS.fish.point.07,MART,2018-10-17,10,2018,2018_10,97,1,4.778483333333333,1.6384101102786939,fixed,51,27,4,NA,NA,NA,depletion,276
MART.AOS.fish.point.07,MART,2019-10-17,10,2019,2019_10,96,1,4.778483333333333,1.6384101102786939,fixed,34,15,12,NA,NA,NA,depletion,277
MART.AOS.fish.point.07,MART,2020-10-01,10,2020,2020_10,99,1,4.778483333333333,1.6384101102786939,fixed,21,9,2,NA,NA,NA,depletion,278
MART.AOS.fish.point.07,MART,2022-10-12,10,2022,2022_10,91,1,4.778483333333333,1.6384101102786939,fixed,29,18,4,NA,NA,NA,depletion,279
MAYF.AOS.fish.point.02,MAYF,2016-10-31,10,2016,2016_10,97,1,4.561861111111111,1.136808320040371,fixed,125,40,20,NA,NA,NA,depletion,280
MAYF.AOS.fish.point.02,MAYF,2017-03-28,3,2017,2017_3,97,1,4.561861111111111,1.136808320040371,fixed,23,31,14,NA,NA,NA,depletion,281
MAYF.AOS.fish.point.02,MAYF,2018-04-02,4,2018,2018_4,83,1,4.561861111111111,1.136808320040371,fixed,72,17,27,NA,NA,NA,depletion,282
MAYF.AOS.fish.point.02,MAYF,2018-11-26,11,2018,2018_11,79,1,4.561861111111111,1.136808320040371,fixed,96,29,23,NA,NA,NA,depletion,283
MAYF.AOS.fish.point.02,MAYF,2019-03-27,3,2019,2019_3,81,1,4.561861111111111,1.136808320040371,fixed,18,26,10,NA,NA,NA,depletion,284
MAYF.AOS.fish.point.02,MAYF,2019-11-19,11,2019,2019_11,81,1,4.561861111111111,1.136808320040371,fixed,78,87,53,NA,NA,NA,depletion,285
MAYF.AOS.fish.point.02,MAYF,2020-12-03,12,2020,2020_12,74,1,4.561861111111111,1.136808320040371,fixed,40,23,21,NA,NA,NA,depletion,286
MAYF.AOS.fish.point.02,MAYF,2022-04-12,4,2022,2022_4,89,1,4.561861111111111,1.136808320040371,fixed,25,14,17,NA,NA,NA,depletion,287
MAYF.AOS.fish.point.02,MAYF,2022-11-14,11,2022,2022_11,82,1,4.561861111111111,1.136808320040371,fixed,76,60,31,NA,NA,NA,depletion,288
MAYF.AOS.fish.point.02,MAYF,2023-04-10,4,2023,2023_4,85,1,4.561861111111111,1.136808320040371,fixed,75,58,30,NA,NA,NA,depletion,289
MAYF.AOS.fish.point.02,MAYF,2023-11-13,11,2023,2023_11,81,1,4.561861111111111,1.136808320040371,fixed,65,38,59,NA,NA,NA,depletion,290
MAYF.AOS.fish.point.02,MAYF,2024-04-02,4,2024,2024_4,84,1,4.561861111111111,1.136808320040371,fixed,66,28,24,NA,NA,NA,depletion,291
MAYF.AOS.fish.point.02,MAYF,2024-11-18,11,2024,2024_11,82,1,4.561861111111111,1.136808320040371,fixed,49,41,25,NA,NA,NA,depletion,292
MAYF.AOS.fish.point.07,MAYF,2016-11-02,11,2016,2016_11,103,1,4.561861111111111,1.136808320040371,fixed,80,18,15,NA,NA,NA,depletion,293
MAYF.AOS.fish.point.07,MAYF,2017-03-29,3,2017,2017_3,103,1,4.561861111111111,1.136808320040371,fixed,18,11,16,NA,NA,NA,depletion,294
MAYF.AOS.fish.point.07,MAYF,2018-04-04,4,2018,2018_4,91,1,4.561861111111111,1.136808320040371,fixed,45,17,18,NA,NA,NA,depletion,295
MAYF.AOS.fish.point.07,MAYF,2018-11-28,11,2018,2018_11,84,1,4.561861111111111,1.136808320040371,fixed,65,5,12,NA,NA,NA,depletion,296
MAYF.AOS.fish.point.07,MAYF,2019-03-28,3,2019,2019_3,94,1,4.561861111111111,1.136808320040371,fixed,44,31,19,NA,NA,NA,depletion,297
MAYF.AOS.fish.point.07,MAYF,2019-11-20,11,2019,2019_11,97,1,4.561861111111111,1.136808320040371,fixed,42,29,27,NA,NA,NA,depletion,298
MAYF.AOS.fish.point.07,MAYF,2021-04-21,4,2021,2021_4,90,1,4.561861111111111,1.136808320040371,fixed,26,21,6,NA,NA,NA,depletion,299
MAYF.AOS.fish.point.07,MAYF,2021-10-26,10,2021,2021_10,106,1,4.561861111111111,1.136808320040371,fixed,54,36,10,NA,NA,NA,depletion,300
MAYF.AOS.fish.point.07,MAYF,2022-11-17,11,2022,2022_11,95,1,4.561861111111111,1.136808320040371,fixed,108,64,48,NA,NA,NA,depletion,301
MAYF.AOS.fish.point.07,MAYF,2023-11-15,11,2023,2023_11,92,1,4.561861111111111,1.136808320040371,fixed,68,35,43,NA,NA,NA,depletion,302
MAYF.AOS.fish.point.09,MAYF,2016-04-08,4,2016,2016_4,92,1,4.561861111111111,1.136808320040371,fixed,19,12,6,NA,NA,NA,depletion,303
MAYF.AOS.fish.point.09,MAYF,2016-11-03,11,2016,2016_11,92,1,4.561861111111111,1.136808320040371,fixed,54,31,8,NA,NA,NA,depletion,304
MAYF.AOS.fish.point.09,MAYF,2017-03-30,3,2017,2017_3,92,1,4.561861111111111,1.136808320040371,fixed,26,11,6,NA,NA,NA,depletion,305
MAYF.AOS.fish.point.09,MAYF,2018-04-05,4,2018,2018_4,86,1,4.561861111111111,1.136808320040371,fixed,38,21,12,NA,NA,NA,depletion,306
MAYF.AOS.fish.point.09,MAYF,2018-11-29,11,2018,2018_11,87,1,4.561861111111111,1.136808320040371,fixed,80,23,14,NA,NA,NA,depletion,307
MAYF.AOS.fish.point.09,MAYF,2019-03-29,3,2019,2019_3,84,1,4.561861111111111,1.136808320040371,fixed,13,6,8,NA,NA,NA,depletion,308
MAYF.AOS.fish.point.09,MAYF,2019-11-21,11,2019,2019_11,81,1,4.561861111111111,1.136808320040371,fixed,37,35,18,NA,NA,NA,depletion,309
MAYF.AOS.fish.point.09,MAYF,2021-04-23,4,2021,2021_4,77,1,4.561861111111111,1.136808320040371,fixed,13,5,7,NA,NA,NA,depletion,310
MAYF.AOS.fish.point.09,MAYF,2021-10-27,10,2021,2021_10,82,1,4.561861111111111,1.136808320040371,fixed,25,21,15,NA,NA,NA,depletion,311
MAYF.AOS.fish.point.09,MAYF,2022-11-18,11,2022,2022_11,81,1,4.561861111111111,1.136808320040371,fixed,55,27,23,NA,NA,NA,depletion,312
MAYF.AOS.fish.point.09,MAYF,2023-11-16,11,2023,2023_11,84,1,4.561861111111111,1.136808320040371,fixed,50,29,41,NA,NA,NA,depletion,313
MCDI.AOS.fish.point.02,MCDI,2017-04-19,4,2017,2017_4,80,1,5.059490740740741,2.274582531008341,fixed,82,9,4,NA,NA,NA,depletion,314
MCDI.AOS.fish.point.02,MCDI,2017-10-24,10,2017,2017_10,90,1,5.059490740740741,2.274582531008341,fixed,149,59,36,NA,NA,NA,depletion,315
MCDI.AOS.fish.point.02,MCDI,2018-04-18,4,2018,2018_4,74,1,5.059490740740741,2.274582531008341,fixed,90,39,41,NA,NA,NA,depletion,316
MCDI.AOS.fish.point.02,MCDI,2018-10-24,10,2018,2018_10,92,1,5.059490740740741,2.274582531008341,fixed,97,55,44,NA,NA,NA,depletion,317
MCDI.AOS.fish.point.02,MCDI,2019-04-17,4,2019,2019_4,96,1,5.059490740740741,2.274582531008341,fixed,76,78,21,NA,NA,NA,depletion,318
MCDI.AOS.fish.point.02,MCDI,2019-10-31,10,2019,2019_10,95,1,5.059490740740741,2.274582531008341,fixed,82,15,10,NA,NA,NA,depletion,319
MCDI.AOS.fish.point.02,MCDI,2020-06-16,6,2020,2020_6,99,1,5.059490740740741,2.274582531008341,fixed,102,32,7,NA,NA,NA,depletion,320
MCDI.AOS.fish.point.02,MCDI,2020-10-30,10,2020,2020_10,73,1,5.059490740740741,2.274582531008341,fixed,87,68,24,NA,NA,NA,depletion,321
MCDI.AOS.fish.point.02,MCDI,2021-04-28,4,2021,2021_4,94,1,5.059490740740741,2.274582531008341,fixed,143,12,5,NA,NA,NA,depletion,322
MCDI.AOS.fish.point.02,MCDI,2021-10-26,10,2021,2021_10,79,1,5.059490740740741,2.274582531008341,fixed,37,44,50,NA,NA,NA,no depletion,323
MCDI.AOS.fish.point.02,MCDI,2023-10-30,10,2023,2023_10,87,1,5.059490740740741,2.274582531008341,fixed,92,41,11,NA,NA,NA,depletion,324
MCDI.AOS.fish.point.02,MCDI,2024-04-22,4,2024,2024_4,94,1,5.059490740740741,2.274582531008341,fixed,70,22,12,NA,NA,NA,depletion,325
MCDI.AOS.fish.point.02,MCDI,2024-10-22,10,2024,2024_10,86,1,5.059490740740741,2.274582531008341,fixed,146,38,24,NA,NA,NA,depletion,326
MCDI.AOS.fish.point.04,MCDI,2017-04-20,4,2017,2017_4,80,1,5.059490740740741,2.274582531008341,fixed,84,16,13,NA,NA,NA,depletion,327
MCDI.AOS.fish.point.04,MCDI,2017-10-26,10,2017,2017_10,80,1,5.059490740740741,2.274582531008341,fixed,141,51,32,NA,NA,NA,depletion,328
MCDI.AOS.fish.point.04,MCDI,2018-04-19,4,2018,2018_4,82,1,5.059490740740741,2.274582531008341,fixed,95,21,41,NA,NA,NA,depletion,329
MCDI.AOS.fish.point.04,MCDI,2018-10-26,10,2018,2018_10,94,1,5.059490740740741,2.274582531008341,fixed,126,31,34,NA,NA,NA,depletion,330
MCDI.AOS.fish.point.04,MCDI,2019-04-18,4,2019,2019_4,103,1,5.059490740740741,2.274582531008341,fixed,106,29,14,NA,NA,NA,depletion,331
MCDI.AOS.fish.point.04,MCDI,2019-11-01,11,2019,2019_11,80,1,5.059490740740741,2.274582531008341,fixed,70,42,16,NA,NA,NA,depletion,332
MCDI.AOS.fish.point.04,MCDI,2020-11-02,11,2020,2020_11,95,1,5.059490740740741,2.274582531008341,fixed,167,40,28,NA,NA,NA,depletion,333
MCDI.AOS.fish.point.04,MCDI,2023-04-27,4,2023,2023_4,90,1,5.059490740740741,2.274582531008341,fixed,101,23,6,NA,NA,NA,depletion,334
MCRA.AOS.fish.point.04,MCRA,2017-10-03,10,2017,2017_10,100,1,5.642766798418973,2.1737076615742454,fixed,31,24,13,NA,NA,NA,depletion,335
MCRA.AOS.fish.point.04,MCRA,2018-10-01,10,2018,2018_10,106,1,5.642766798418973,2.1737076615742454,fixed,52,24,6,NA,NA,NA,depletion,336
MCRA.AOS.fish.point.04,MCRA,2019-10-08,10,2019,2019_10,102,1,5.642766798418973,2.1737076615742454,fixed,37,18,8,NA,NA,NA,depletion,337
MCRA.AOS.fish.point.04,MCRA,2021-11-02,11,2021,2021_11,101,1,5.642766798418973,2.1737076615742454,fixed,10,6,8,NA,NA,NA,depletion,338
MCRA.AOS.fish.point.04,MCRA,2022-09-28,9,2022,2022_9,105,1,5.642766798418973,2.1737076615742454,fixed,23,16,14,NA,NA,NA,depletion,339
MCRA.AOS.fish.point.04,MCRA,2024-10-15,10,2024,2024_10,107,1,5.642766798418973,2.1737076615742454,fixed,37,27,12,NA,NA,NA,depletion,340
MCRA.AOS.fish.point.06,MCRA,2017-10-02,10,2017,2017_10,90,1,5.642766798418973,2.1737076615742454,fixed,17,25,12,NA,NA,NA,depletion,341
MCRA.AOS.fish.point.06,MCRA,2018-10-02,10,2018,2018_10,87,1,5.642766798418973,2.1737076615742454,fixed,19,14,5,NA,NA,NA,depletion,342
MCRA.AOS.fish.point.06,MCRA,2019-10-10,10,2019,2019_10,NA,NA,5.642766798418973,2.1737076615742454,fixed,18,11,13,NA,NA,NA,depletion,343
MCRA.AOS.fish.point.06,MCRA,2021-11-03,11,2021,2021_11,80,1,5.642766798418973,2.1737076615742454,fixed,7,8,11,NA,NA,NA,no depletion,344
MCRA.AOS.fish.point.06,MCRA,2024-10-16,10,2024,2024_10,86,1,5.642766798418973,2.1737076615742454,fixed,26,15,12,NA,NA,NA,depletion,345
MCRA.AOS.fish.point.08,MCRA,2017-10-04,10,2017,2017_10,95,1,5.642766798418973,2.1737076615742454,fixed,48,14,2,NA,NA,NA,depletion,346
MCRA.AOS.fish.point.08,MCRA,2018-10-03,10,2018,2018_10,109,1,5.642766798418973,2.1737076615742454,fixed,36,11,16,NA,NA,NA,depletion,347
MCRA.AOS.fish.point.08,MCRA,2019-10-11,10,2019,2019_10,90,1,5.642766798418973,2.1737076615742454,fixed,31,7,4,NA,NA,NA,depletion,348
MCRA.AOS.fish.point.08,MCRA,2021-11-03,11,2021,2021_11,102,1,5.642766798418973,2.1737076615742454,fixed,9,5,3,NA,NA,NA,depletion,349
OKSR.AOS.fish.point.03,OKSR,2019-06-05,6,2019,2019_6,115,1,7.45868115942029,3.611657179882454,fixed,1,1,0,3,OKSR.2019.spring,N,depletion,350
OKSR.AOS.fish.point.03,OKSR,2021-08-11,8,2021,2021_8,106,1,7.45868115942029,3.611657179882454,fixed,12,3,27,NA,NA,NA,no depletion,351
OKSR.AOS.fish.point.03,OKSR,2022-08-15,8,2022,2022_8,110,1,7.45868115942029,3.611657179882454,fixed,7,10,12,NA,NA,NA,no depletion,352
OKSR.AOS.fish.point.03,OKSR,2023-08-16,8,2023,2023_8,114,1,7.45868115942029,3.611657179882454,fixed,9,11,8,NA,NA,NA,depletion,353
OKSR.AOS.fish.point.06,OKSR,2021-08-12,8,2021,2021_8,72,1,7.45868115942029,3.611657179882454,fixed,7,11,19,NA,NA,NA,no depletion,354
OKSR.AOS.fish.point.06,OKSR,2022-08-16,8,2022,2022_8,80,1,7.45868115942029,3.611657179882454,fixed,9,14,6,NA,NA,NA,depletion,355
OKSR.AOS.fish.point.09,OKSR,2019-06-06,6,2019,2019_6,107,1,7.45868115942029,3.611657179882454,fixed,0,2,2,1,OKSR.2019.spring,N,no depletion,356
OKSR.AOS.fish.point.09,OKSR,2022-08-17,8,2022,2022_8,104,1,7.45868115942029,3.611657179882454,fixed,8,4,4,NA,NA,NA,depletion,357
POSE.AOS.fish.point.02,POSE,2016-11-16,11,2016,2016_11,94.3,1,6.052740649908032,3.7869104918372525,fixed,76,9,14,NA,NA,NA,depletion,358
POSE.AOS.fish.point.02,POSE,2017-04-03,4,2017,2017_4,94.3,1,6.052740649908032,3.7869104918372525,fixed,58,31,18,NA,NA,NA,depletion,359
POSE.AOS.fish.point.02,POSE,2017-10-30,10,2017,2017_10,98,1,6.052740649908032,3.7869104918372525,fixed,61,40,25,NA,NA,NA,depletion,360
POSE.AOS.fish.point.02,POSE,2018-04-02,4,2018,2018_4,98,1,6.052740649908032,3.7869104918372525,fixed,63,30,29,NA,NA,NA,depletion,361
POSE.AOS.fish.point.02,POSE,2018-11-12,11,2018,2018_11,97,1,6.052740649908032,3.7869104918372525,fixed,81,24,2,NA,NA,NA,depletion,362
POSE.AOS.fish.point.02,POSE,2019-04-08,4,2019,2019_4,98,1,6.052740649908032,3.7869104918372525,fixed,65,40,23,NA,NA,NA,depletion,363
POSE.AOS.fish.point.02,POSE,2019-11-11,11,2019,2019_11,99,1,6.052740649908032,3.7869104918372525,fixed,73,27,12,NA,NA,NA,depletion,364
POSE.AOS.fish.point.02,POSE,2020-11-09,11,2020,2020_11,100,1,6.052740649908032,3.7869104918372525,fixed,70,23,10,NA,NA,NA,depletion,365
POSE.AOS.fish.point.02,POSE,2021-04-05,4,2021,2021_4,98,1,6.052740649908032,3.7869104918372525,fixed,64,26,15,NA,NA,NA,depletion,366
POSE.AOS.fish.point.02,POSE,2021-10-25,10,2021,2021_10,98,1,6.052740649908032,3.7869104918372525,fixed,58,19,4,NA,NA,NA,depletion,367
POSE.AOS.fish.point.02,POSE,2022-04-04,4,2022,2022_4,98,1,6.052740649908032,3.7869104918372525,fixed,55,17,11,NA,NA,NA,depletion,368
POSE.AOS.fish.point.02,POSE,2022-10-31,10,2022,2022_10,95,1,6.052740649908032,3.7869104918372525,fixed,55,25,13,NA,NA,NA,depletion,369
POSE.AOS.fish.point.02,POSE,2023-04-04,4,2023,2023_4,100,1,6.052740649908032,3.7869104918372525,fixed,58,29,15,NA,NA,NA,depletion,370
POSE.AOS.fish.point.02,POSE,2023-10-30,10,2023,2023_10,96,1,6.052740649908032,3.7869104918372525,fixed,48,17,6,NA,NA,NA,depletion,371
POSE.AOS.fish.point.02,POSE,2024-04-01,4,2024,2024_4,93,1,6.052740649908032,3.7869104918372525,fixed,31,12,19,NA,NA,NA,depletion,372
POSE.AOS.fish.point.02,POSE,2024-10-28,10,2024,2024_10,93,1,6.052740649908032,3.7869104918372525,fixed,56,24,3,NA,NA,NA,depletion,373
POSE.AOS.fish.point.07,POSE,2016-11-17,11,2016,2016_11,114,1,6.052740649908032,3.7869104918372525,fixed,65,20,15,NA,NA,NA,depletion,374
POSE.AOS.fish.point.07,POSE,2017-04-04,4,2017,2017_4,114,1,6.052740649908032,3.7869104918372525,fixed,80,18,10,NA,NA,NA,depletion,375
POSE.AOS.fish.point.07,POSE,2017-10-31,10,2017,2017_10,111,1,6.052740649908032,3.7869104918372525,fixed,63,18,7,NA,NA,NA,depletion,376
POSE.AOS.fish.point.07,POSE,2018-04-03,4,2018,2018_4,118,1,6.052740649908032,3.7869104918372525,fixed,47,27,16,NA,NA,NA,depletion,377
POSE.AOS.fish.point.07,POSE,2018-11-13,11,2018,2018_11,112,1,6.052740649908032,3.7869104918372525,fixed,68,35,11,NA,NA,NA,depletion,378
POSE.AOS.fish.point.07,POSE,2019-04-10,4,2019,2019_4,112,1,6.052740649908032,3.7869104918372525,fixed,105,23,6,NA,NA,NA,depletion,379
POSE.AOS.fish.point.07,POSE,2019-11-12,11,2019,2019_11,111,1,6.052740649908032,3.7869104918372525,fixed,68,5,9,NA,NA,NA,depletion,380
POSE.AOS.fish.point.07,POSE,2020-11-10,11,2020,2020_11,113,1,6.052740649908032,3.7869104918372525,fixed,71,21,10,NA,NA,NA,depletion,381
POSE.AOS.fish.point.07,POSE,2021-04-06,4,2021,2021_4,111,1,6.052740649908032,3.7869104918372525,fixed,71,22,11,NA,NA,NA,depletion,382
POSE.AOS.fish.point.07,POSE,2021-10-26,10,2021,2021_10,111,1,6.052740649908032,3.7869104918372525,fixed,70,9,9,NA,NA,NA,depletion,383
POSE.AOS.fish.point.07,POSE,2022-04-05,4,2022,2022_4,112,1,6.052740649908032,3.7869104918372525,fixed,48,19,9,NA,NA,NA,depletion,384
POSE.AOS.fish.point.07,POSE,2022-11-01,11,2022,2022_11,124,1,6.052740649908032,3.7869104918372525,fixed,58,7,6,NA,NA,NA,depletion,385
POSE.AOS.fish.point.07,POSE,2023-10-31,10,2023,2023_10,112,1,6.052740649908032,3.7869104918372525,fixed,35,26,12,NA,NA,NA,depletion,386
POSE.AOS.fish.point.09,POSE,2016-11-18,11,2016,2016_11,96,1,6.052740649908032,3.7869104918372525,fixed,89,25,14,NA,NA,NA,depletion,387
POSE.AOS.fish.point.09,POSE,2017-04-05,4,2017,2017_4,96,1,6.052740649908032,3.7869104918372525,fixed,63,14,20,NA,NA,NA,depletion,388
POSE.AOS.fish.point.09,POSE,2017-11-01,11,2017,2017_11,103,1,6.052740649908032,3.7869104918372525,fixed,61,7,8,NA,NA,NA,depletion,389
POSE.AOS.fish.point.09,POSE,2018-04-04,4,2018,2018_4,104,1,6.052740649908032,3.7869104918372525,fixed,40,23,15,NA,NA,NA,depletion,390
POSE.AOS.fish.point.09,POSE,2018-11-14,11,2018,2018_11,104,1,6.052740649908032,3.7869104918372525,fixed,84,27,1,NA,NA,NA,depletion,391
POSE.AOS.fish.point.09,POSE,2019-04-11,4,2019,2019_4,106,1,6.052740649908032,3.7869104918372525,fixed,85,16,11,NA,NA,NA,depletion,392
POSE.AOS.fish.point.09,POSE,2019-11-14,11,2019,2019_11,105,1,6.052740649908032,3.7869104918372525,fixed,63,6,6,NA,NA,NA,depletion,393
POSE.AOS.fish.point.09,POSE,2020-11-11,11,2020,2020_11,103,1,6.052740649908032,3.7869104918372525,fixed,64,15,8,NA,NA,NA,depletion,394
POSE.AOS.fish.point.09,POSE,2021-04-07,4,2021,2021_4,104,1,6.052740649908032,3.7869104918372525,fixed,72,32,12,NA,NA,NA,depletion,395
POSE.AOS.fish.point.09,POSE,2021-10-27,10,2021,2021_10,106,1,6.052740649908032,3.7869104918372525,fixed,69,8,11,NA,NA,NA,depletion,396
POSE.AOS.fish.point.09,POSE,2022-04-06,4,2022,2022_4,100,1,6.052740649908032,3.7869104918372525,fixed,30,7,8,NA,NA,NA,depletion,397
POSE.AOS.fish.point.09,POSE,2022-11-02,11,2022,2022_11,104,1,6.052740649908032,3.7869104918372525,fixed,66,8,11,NA,NA,NA,depletion,398
PRIN.AOS.fish.point.03,PRIN,2017-02-28,2,2017,2017_2,117,1,4.782633333333333,1.9027030413760466,fixed,63,71,33,NA,NA,NA,depletion,399
PRIN.AOS.fish.point.03,PRIN,2017-11-14,11,2017,2017_11,117,1,4.782633333333333,1.9027030413760466,fixed,123,23,18,NA,NA,NA,depletion,400
PRIN.AOS.fish.point.03,PRIN,2018-03-20,3,2018,2018_3,109,1,4.782633333333333,1.9027030413760466,fixed,43,31,28,NA,NA,NA,depletion,401
PRIN.AOS.fish.point.03,PRIN,2018-11-14,11,2018,2018_11,108,1,4.782633333333333,1.9027030413760466,fixed,30,34,14,NA,NA,NA,depletion,402
PRIN.AOS.fish.point.03,PRIN,2019-02-26,2,2019,2019_2,107,1,4.782633333333333,1.9027030413760466,fixed,37,41,12,NA,NA,NA,depletion,403
PRIN.AOS.fish.point.03,PRIN,2019-11-18,11,2019,2019_11,111,1,4.782633333333333,1.9027030413760466,fixed,44,28,19,NA,NA,NA,depletion,404
PRIN.AOS.fish.point.03,PRIN,2020-03-10,3,2020,2020_3,105,1,4.782633333333333,1.9027030413760466,fixed,38,70,15,NA,NA,NA,depletion,405
PRIN.AOS.fish.point.03,PRIN,2021-11-16,11,2021,2021_11,121,1,4.782633333333333,1.9027030413760466,fixed,121,33,16,NA,NA,NA,depletion,406
PRIN.AOS.fish.point.03,PRIN,2022-11-28,11,2022,2022_11,101,1,4.782633333333333,1.9027030413760466,fixed,2,3,3,NA,NA,NA,no depletion,407
PRIN.AOS.fish.point.03,PRIN,2023-04-04,4,2023,2023_4,110,1,4.782633333333333,1.9027030413760466,fixed,30,6,16,NA,NA,NA,depletion,408
PRIN.AOS.fish.point.03,PRIN,2023-11-27,11,2023,2023_11,111,1,4.782633333333333,1.9027030413760466,fixed,2,1,1,NA,NA,NA,depletion,409
PRIN.AOS.fish.point.03,PRIN,2024-03-04,3,2024,2024_3,112,1,4.782633333333333,1.9027030413760466,fixed,2,2,5,NA,NA,NA,no depletion,410
PRIN.AOS.fish.point.07,PRIN,2017-03-01,3,2017,2017_3,77,1,4.782633333333333,1.9027030413760466,fixed,68,57,27,NA,NA,NA,depletion,411
PRIN.AOS.fish.point.07,PRIN,2017-11-15,11,2017,2017_11,77,1,4.782633333333333,1.9027030413760466,fixed,104,7,2,NA,NA,NA,depletion,412
PRIN.AOS.fish.point.07,PRIN,2018-03-21,3,2018,2018_3,76,1,4.782633333333333,1.9027030413760466,fixed,58,28,29,NA,NA,NA,depletion,413
PRIN.AOS.fish.point.07,PRIN,2018-11-13,11,2018,2018_11,78,1,4.782633333333333,1.9027030413760466,fixed,60,29,31,NA,NA,NA,depletion,414
PRIN.AOS.fish.point.07,PRIN,2019-02-28,2,2019,2019_2,81,1,4.782633333333333,1.9027030413760466,fixed,63,35,36,NA,NA,NA,depletion,415
PRIN.AOS.fish.point.07,PRIN,2019-11-19,11,2019,2019_11,82,1,4.782633333333333,1.9027030413760466,fixed,94,15,1,NA,NA,NA,depletion,416
PRIN.AOS.fish.point.07,PRIN,2020-03-12,3,2020,2020_3,79,1,4.782633333333333,1.9027030413760466,fixed,100,33,20,NA,NA,NA,depletion,417
PRIN.AOS.fish.point.07,PRIN,2021-11-17,11,2021,2021_11,82,1,4.782633333333333,1.9027030413760466,fixed,110,50,26,NA,NA,NA,depletion,418
PRIN.AOS.fish.point.07,PRIN,2022-11-29,11,2022,2022_11,81,1,4.782633333333333,1.9027030413760466,fixed,69,35,23,NA,NA,NA,depletion,419
PRIN.AOS.fish.point.07,PRIN,2023-04-05,4,2023,2023_4,81,1,4.782633333333333,1.9027030413760466,fixed,81,54,25,NA,NA,NA,depletion,420
PRIN.AOS.fish.point.07,PRIN,2023-11-28,11,2023,2023_11,82,1,4.782633333333333,1.9027030413760466,fixed,11,10,13,NA,NA,NA,no depletion,421
PRIN.AOS.fish.point.07,PRIN,2024-03-05,3,2024,2024_3,80,1,4.782633333333333,1.9027030413760466,fixed,19,38,11,NA,NA,NA,depletion,422
PRIN.AOS.fish.point.10,PRIN,2017-03-02,3,2017,2017_3,88,1,4.782633333333333,1.9027030413760466,fixed,83,36,29,NA,NA,NA,depletion,423
PRIN.AOS.fish.point.10,PRIN,2017-11-16,11,2017,2017_11,88,1,4.782633333333333,1.9027030413760466,fixed,66,5,9,NA,NA,NA,depletion,424
PRIN.AOS.fish.point.10,PRIN,2018-03-22,3,2018,2018_3,85,1,4.782633333333333,1.9027030413760466,fixed,19,15,8,NA,NA,NA,depletion,425
PRIN.AOS.fish.point.10,PRIN,2018-11-15,11,2018,2018_11,89,1,4.782633333333333,1.9027030413760466,fixed,19,36,16,NA,NA,NA,depletion,426
PRIN.AOS.fish.point.10,PRIN,2019-02-27,2,2019,2019_2,85,1,4.782633333333333,1.9027030413760466,fixed,24,21,17,NA,NA,NA,depletion,427
PRIN.AOS.fish.point.10,PRIN,2019-11-20,11,2019,2019_11,86,1,4.782633333333333,1.9027030413760466,fixed,16,18,14,NA,NA,NA,depletion,428
PRIN.AOS.fish.point.10,PRIN,2020-03-11,3,2020,2020_3,86,1,4.782633333333333,1.9027030413760466,fixed,41,24,1,NA,NA,NA,depletion,429
PRIN.AOS.fish.point.10,PRIN,2021-11-19,11,2021,2021_11,86,1,4.782633333333333,1.9027030413760466,fixed,71,20,11,NA,NA,NA,depletion,430
PRIN.AOS.fish.point.10,PRIN,2022-11-30,11,2022,2022_11,87,1,4.782633333333333,1.9027030413760466,fixed,18,19,11,NA,NA,NA,depletion,431
PRIN.AOS.fish.point.10,PRIN,2023-04-06,4,2023,2023_4,87,1,4.782633333333333,1.9027030413760466,fixed,22,17,13,NA,NA,NA,depletion,432
PRIN.AOS.fish.point.10,PRIN,2023-11-29,11,2023,2023_11,86,1,4.782633333333333,1.9027030413760466,fixed,3,2,2,NA,NA,NA,depletion,433
PRIN.AOS.fish.point.10,PRIN,2025-03-05,3,2025,2025_3,87,1,4.782633333333333,1.9027030413760466,fixed,28,21,13,NA,NA,NA,depletion,434
REDB.AOS.fish.point.02,REDB,2016-10-20,10,2016,2016_10,85,1,2.6985945945945944,0.9518668073746338,fixed,20,11,9,NA,NA,NA,depletion,435
REDB.AOS.fish.point.02,REDB,2017-10-19,10,2017,2017_10,85,1,2.6985945945945944,0.9518668073746338,fixed,5,6,8,NA,NA,NA,no depletion,436
REDB.AOS.fish.point.02,REDB,2018-04-23,4,2018,2018_4,85,1,2.6985945945945944,0.9518668073746338,fixed,0,1,1,1,REDB.2018.spring,N,no depletion,437
REDB.AOS.fish.point.02,REDB,2018-10-15,10,2018,2018_10,85,1,2.6985945945945944,0.9518668073746338,fixed,0,1,0,1,REDB.2018.fall,N,depletion,438
REDB.AOS.fish.point.02,REDB,2018-10-15,10,2018,2018_10,85,1,2.6985945945945944,0.9518668073746338,fixed,0,1,0,3,REDB.2018.fall,N,depletion,439
REDB.AOS.fish.point.02,REDB,2019-10-14,10,2019,2019_10,85,1,2.6985945945945944,0.9518668073746338,fixed,14,3,3,NA,NA,NA,depletion,440
REDB.AOS.fish.point.02,REDB,2023-10-16,10,2023,2023_10,93,1,2.6985945945945944,0.9518668073746338,fixed,1,3,0,3,REDB.2023.fall,N,depletion,441
REDB.AOS.fish.point.02,REDB,2024-10-15,10,2024,2024_10,113,1,2.6985945945945944,0.9518668073746338,fixed,18,9,8,NA,NA,NA,depletion,442
REDB.AOS.fish.point.04,REDB,2022-10-27,10,2022,2022_10,91,1,2.6985945945945944,0.9518668073746338,fixed,3,0,1,2,REDB.2022.fall,N,depletion,443
REDB.AOS.fish.point.05,REDB,2016-10-21,10,2016,2016_10,107,1,2.6985945945945944,0.9518668073746338,fixed,31,16,9,NA,NA,NA,depletion,444
REDB.AOS.fish.point.05,REDB,2017-10-21,10,2017,2017_10,107,1,2.6985945945945944,0.9518668073746338,fixed,13,2,2,NA,NA,NA,depletion,445
REDB.AOS.fish.point.05,REDB,2018-04-27,4,2018,2018_4,107,1,2.6985945945945944,0.9518668073746338,fixed,2,1,1,NA,NA,NA,depletion,446
REDB.AOS.fish.point.05,REDB,2018-10-17,10,2018,2018_10,107,1,2.6985945945945944,0.9518668073746338,fixed,2,1,0,3,REDB.2018.fall,N,depletion,447
REDB.AOS.fish.point.05,REDB,2019-10-15,10,2019,2019_10,107,1,2.6985945945945944,0.9518668073746338,fixed,6,2,1,NA,NA,NA,depletion,448
REDB.AOS.fish.point.06,REDB,2022-10-26,10,2022,2022_10,93,1,2.6985945945945944,0.9518668073746338,fixed,1,1,0,3,REDB.2022.fall,N,depletion,449
REDB.AOS.fish.point.07,REDB,2016-10-22,10,2016,2016_10,90,1,2.6985945945945944,0.9518668073746338,fixed,18,14,10,NA,NA,NA,depletion,450
REDB.AOS.fish.point.07,REDB,2017-10-20,10,2017,2017_10,93,1,2.6985945945945944,0.9518668073746338,fixed,12,17,8,NA,NA,NA,depletion,451
REDB.AOS.fish.point.07,REDB,2018-04-25,4,2018,2018_4,93,1,2.6985945945945944,0.9518668073746338,fixed,2,3,1,NA,NA,NA,depletion,452
REDB.AOS.fish.point.07,REDB,2018-10-18,10,2018,2018_10,93,1,2.6985945945945944,0.9518668073746338,fixed,6,3,4,NA,NA,NA,depletion,453
REDB.AOS.fish.point.07,REDB,2019-10-16,10,2019,2019_10,93,1,2.6985945945945944,0.9518668073746338,fixed,4,5,2,NA,NA,NA,depletion,454
REDB.AOS.fish.point.09,REDB,2022-10-24,10,2022,2022_10,80,1,2.6985945945945944,0.9518668073746338,fixed,3,0,2,2,REDB.2022.fall,N,depletion,455
SYCA.AOS.fish.point.04,SYCA,2019-02-20,2,2019,2019_2,113,1,4.327145110410094,2.312288735971129,fixed,2,2,2,NA,NA,NA,depletion,456
SYCA.AOS.fish.point.04,SYCA,2020-02-04,2,2020,2020_2,98,1,4.327145110410094,2.312288735971129,fixed,33,46,41,NA,NA,NA,no depletion,457
SYCA.AOS.fish.point.04,SYCA,2022-02-02,2,2022,2022_2,103,1,4.327145110410094,2.312288735971129,fixed,50,50,50,NA,NA,NA,depletion,458
SYCA.AOS.fish.point.04,SYCA,2024-03-06,3,2024,2024_3,108,1,4.327145110410094,2.312288735971129,fixed,8,4,3,NA,NA,NA,depletion,459
SYCA.AOS.fish.point.06,SYCA,2019-06-26,6,2019,2019_6,100,1,4.327145110410094,2.312288735971129,fixed,50,50,50,NA,NA,NA,depletion,460
SYCA.AOS.fish.point.06,SYCA,2020-02-05,2,2020,2020_2,98,1,4.327145110410094,2.312288735971129,fixed,53,51,51,NA,NA,NA,depletion,461
SYCA.AOS.fish.point.06,SYCA,2020-10-14,10,2020,2020_10,92,1,4.327145110410094,2.312288735971129,fixed,58,58,53,NA,NA,NA,depletion,462
SYCA.AOS.fish.point.06,SYCA,2022-02-01,2,2022,2022_2,103,1,4.327145110410094,2.312288735971129,fixed,50,51,50,NA,NA,NA,depletion,463
SYCA.AOS.fish.point.10,SYCA,2020-02-06,2,2020,2020_2,109,1,4.327145110410094,2.312288735971129,fixed,61,66,59,NA,NA,NA,depletion,464
SYCA.AOS.fish.point.10,SYCA,2022-02-03,2,2022,2022_2,106,1,4.327145110410094,2.312288735971129,fixed,50,50,50,NA,NA,NA,depletion,465
TECR.AOS.fish.point.01,TECR,2019-10-14,10,2019,2019_10,69,1,2.085440414507772,0.9857233481777528,fixed,13,8,9,NA,NA,NA,depletion,466
TECR.AOS.fish.point.01.below,TECR,2019-10-14,10,2019,2019_10,25,1,2.085440414507772,0.9857233481777528,fixed,14,16,4,NA,NA,NA,depletion,467
TECR.AOS.fish.point.01.below,TECR,2021-06-01,6,2021,2021_6,28,1,2.085440414507772,0.9857233481777528,fixed,22,8,10,NA,NA,NA,depletion,468
TECR.AOS.fish.point.05,TECR,2019-10-15,10,2019,2019_10,95,1,2.085440414507772,0.9857233481777528,fixed,53,26,26,NA,NA,NA,depletion,469
TECR.AOS.fish.point.05,TECR,2023-10-10,10,2023,2023_10,91,1,2.085440414507772,0.9857233481777528,fixed,43,21,10,NA,NA,NA,depletion,470
TECR.AOS.fish.point.05,TECR,2024-10-15,10,2024,2024_10,97,1,2.085440414507772,0.9857233481777528,fixed,50,42,27,NA,NA,NA,depletion,471
TECR.AOS.fish.point.06,TECR,2019-10-16,10,2019,2019_10,100,1,2.085440414507772,0.9857233481777528,fixed,53,38,20,NA,NA,NA,depletion,472
WALK.AOS.fish.point.01,WALK,2016-03-29,3,2016,2016_3,119,1,3.458696428571429,0.8389943514979622,fixed,46,23,5,NA,NA,NA,depletion,473
WALK.AOS.fish.point.01,WALK,2016-11-02,11,2016,2016_11,100,1,3.458696428571429,0.8389943514979622,fixed,83,20,10,NA,NA,NA,depletion,474
WALK.AOS.fish.point.01,WALK,2017-03-14,3,2017,2017_3,115,1,3.458696428571429,0.8389943514979622,fixed,56,11,6,NA,NA,NA,depletion,475
WALK.AOS.fish.point.01,WALK,2017-10-24,10,2017,2017_10,115,1,3.458696428571429,0.8389943514979622,fixed,52,52,28,NA,NA,NA,depletion,476
WALK.AOS.fish.point.01,WALK,2018-03-20,3,2018,2018_3,116,1,3.458696428571429,0.8389943514979622,fixed,39,29,16,NA,NA,NA,depletion,477
WALK.AOS.fish.point.01,WALK,2018-11-06,11,2018,2018_11,115,1,3.458696428571429,0.8389943514979622,fixed,51,27,9,NA,NA,NA,depletion,478
WALK.AOS.fish.point.01,WALK,2019-03-19,3,2019,2019_3,114,1,3.458696428571429,0.8389943514979622,fixed,50,18,8,NA,NA,NA,depletion,479
WALK.AOS.fish.point.01,WALK,2019-11-05,11,2019,2019_11,110,1,3.458696428571429,0.8389943514979622,fixed,53,37,9,NA,NA,NA,depletion,480
WALK.AOS.fish.point.01,WALK,2020-03-18,3,2020,2020_3,117,1,3.458696428571429,0.8389943514979622,fixed,39,27,8,NA,NA,NA,depletion,481
WALK.AOS.fish.point.01,WALK,2020-11-02,11,2020,2020_11,117,1,3.458696428571429,0.8389943514979622,fixed,51,51,27,NA,NA,NA,depletion,482
WALK.AOS.fish.point.01,WALK,2021-11-09,11,2021,2021_11,113,1,3.458696428571429,0.8389943514979622,fixed,50,21,6,NA,NA,NA,depletion,483
WALK.AOS.fish.point.01,WALK,2022-03-22,3,2022,2022_3,115,1,3.458696428571429,0.8389943514979622,fixed,40,19,2,NA,NA,NA,depletion,484
WALK.AOS.fish.point.01,WALK,2023-03-21,3,2023,2023_3,114,1,3.458696428571429,0.8389943514979622,fixed,26,14,4,NA,NA,NA,depletion,485
WALK.AOS.fish.point.01,WALK,2024-04-16,4,2024,2024_4,117,1,3.458696428571429,0.8389943514979622,fixed,19,15,8,NA,NA,NA,depletion,486
WALK.AOS.fish.point.03,WALK,2017-03-15,3,2017,2017_3,88,1,3.458696428571429,0.8389943514979622,fixed,37,12,6,NA,NA,NA,depletion,487
WALK.AOS.fish.point.03,WALK,2017-10-25,10,2017,2017_10,100,1,3.458696428571429,0.8389943514979622,fixed,54,32,9,NA,NA,NA,depletion,488
WALK.AOS.fish.point.03,WALK,2018-11-07,11,2018,2018_11,100,1,3.458696428571429,0.8389943514979622,fixed,51,18,4,NA,NA,NA,depletion,489
WALK.AOS.fish.point.03,WALK,2019-03-20,3,2019,2019_3,87,1,3.458696428571429,0.8389943514979622,fixed,44,14,3,NA,NA,NA,depletion,490
WALK.AOS.fish.point.03,WALK,2019-11-06,11,2019,2019_11,88,1,3.458696428571429,0.8389943514979622,fixed,50,11,2,NA,NA,NA,depletion,491
WALK.AOS.fish.point.03,WALK,2020-03-19,3,2020,2020_3,90,1,3.458696428571429,0.8389943514979622,fixed,44,13,7,NA,NA,NA,depletion,492
WALK.AOS.fish.point.03,WALK,2020-11-03,11,2020,2020_11,87,1,3.458696428571429,0.8389943514979622,fixed,57,28,13,NA,NA,NA,depletion,493
WALK.AOS.fish.point.03,WALK,2021-11-09,11,2021,2021_11,87,1,3.458696428571429,0.8389943514979622,fixed,34,20,3,NA,NA,NA,depletion,494
WALK.AOS.fish.point.03,WALK,2022-03-22,3,2022,2022_3,87,1,3.458696428571429,0.8389943514979622,fixed,32,8,2,NA,NA,NA,depletion,495
WALK.AOS.fish.point.03,WALK,2023-03-21,3,2023,2023_3,85,1,3.458696428571429,0.8389943514979622,fixed,21,7,0,3,WALK.2023.spring,N,depletion,496
WALK.AOS.fish.point.03,WALK,2024-04-16,4,2024,2024_4,87,1,3.458696428571429,0.8389943514979622,fixed,9,5,0,3,WALK.2024.spring,N,depletion,497
WALK.AOS.fish.point.05,WALK,2017-03-16,3,2017,2017_3,110,1,3.458696428571429,0.8389943514979622,fixed,114,66,22,NA,NA,NA,depletion,498
WALK.AOS.fish.point.05,WALK,2017-10-26,10,2017,2017_10,105,1,3.458696428571429,0.8389943514979622,fixed,74,50,15,NA,NA,NA,depletion,499
WALK.AOS.fish.point.05,WALK,2018-03-28,3,2018,2018_3,110,1,3.458696428571429,0.8389943514979622,fixed,34,22,13,NA,NA,NA,depletion,500
WALK.AOS.fish.point.05,WALK,2018-11-07,11,2018,2018_11,110,1,3.458696428571429,0.8389943514979622,fixed,68,24,4,NA,NA,NA,depletion,501
WALK.AOS.fish.point.05,WALK,2019-03-20,3,2019,2019_3,111,1,3.458696428571429,0.8389943514979622,fixed,40,15,5,NA,NA,NA,depletion,502
WALK.AOS.fish.point.05,WALK,2019-11-06,11,2019,2019_11,117,1,3.458696428571429,0.8389943514979622,fixed,57,25,12,NA,NA,NA,depletion,503
WALK.AOS.fish.point.05,WALK,2020-11-04,11,2020,2020_11,116,1,3.458696428571429,0.8389943514979622,fixed,68,53,20,NA,NA,NA,depletion,504
WALK.AOS.fish.point.05,WALK,2021-03-24,3,2021,2021_3,116,1,3.458696428571429,0.8389943514979622,fixed,68,26,14,NA,NA,NA,depletion,505
WALK.AOS.fish.point.05,WALK,2021-11-10,11,2021,2021_11,117,1,3.458696428571429,0.8389943514979622,fixed,68,27,7,NA,NA,NA,depletion,506
WALK.AOS.fish.point.05,WALK,2022-03-24,3,2022,2022_3,120,1,3.458696428571429,0.8389943514979622,fixed,59,23,11,NA,NA,NA,depletion,507
WALK.AOS.fish.point.05,WALK,2022-11-09,11,2022,2022_11,120,1,3.458696428571429,0.8389943514979622,fixed,70,5,1,NA,NA,NA,depletion,508
WALK.AOS.fish.point.05,WALK,2023-03-23,3,2023,2023_3,125,1,3.458696428571429,0.8389943514979622,fixed,54,11,2,NA,NA,NA,depletion,509
WALK.AOS.fish.point.05,WALK,2023-11-08,11,2023,2023_11,120,1,3.458696428571429,0.8389943514979622,fixed,81,12,5,NA,NA,NA,depletion,510
WALK.AOS.fish.point.05,WALK,2024-04-17,4,2024,2024_4,130,1,3.458696428571429,0.8389943514979622,fixed,43,30,5,NA,NA,NA,depletion,511
WALK.AOS.fish.point.05,WALK,2024-11-06,11,2024,2024_11,130,1,3.458696428571429,0.8389943514979622,fixed,57,3,1,NA,NA,NA,depletion,512
WLOU.AOS.fish.point.01,WLOU,2017-06-05,6,2017,2017_6,84,1,2.2336180555555556,0.6927707960842936,fixed,1,4,0,3,WLOU.2017.spring,N,depletion,513
WLOU.AOS.fish.point.01,WLOU,2017-09-27,9,2017,2017_9,84,1,2.2336180555555556,0.6927707960842936,fixed,5,5,7,NA,NA,NA,no depletion,514
WLOU.AOS.fish.point.01,WLOU,2018-05-29,5,2018,2018_5,84,1,2.2336180555555556,0.6927707960842936,fixed,7,3,0,3,WLOU.2018.spring,N,depletion,515
WLOU.AOS.fish.point.01,WLOU,2018-09-24,9,2018,2018_9,84,1,2.2336180555555556,0.6927707960842936,fixed,7,7,3,NA,NA,NA,depletion,516
WLOU.AOS.fish.point.01,WLOU,2019-09-23,9,2019,2019_9,84,1,2.2336180555555556,0.6927707960842936,fixed,15,14,6,NA,NA,NA,depletion,517
WLOU.AOS.fish.point.01,WLOU,2021-05-25,5,2021,2021_5,82,1,2.2336180555555556,0.6927707960842936,fixed,4,6,4,NA,NA,NA,depletion,518
WLOU.AOS.fish.point.01,WLOU,2021-09-27,9,2021,2021_9,81,1,2.2336180555555556,0.6927707960842936,fixed,8,15,6,NA,NA,NA,depletion,519
WLOU.AOS.fish.point.01,WLOU,2022-07-11,7,2022,2022_7,80,1,2.2336180555555556,0.6927707960842936,fixed,8,0,4,2,WLOU.2022.spring,N,depletion,520
WLOU.AOS.fish.point.01,WLOU,2022-09-19,9,2022,2022_9,73,1,2.2336180555555556,0.6927707960842936,fixed,9,11,6,NA,NA,NA,depletion,521
WLOU.AOS.fish.point.01,WLOU,2023-07-17,7,2023,2023_7,77,1,2.2336180555555556,0.6927707960842936,fixed,2,6,3,NA,NA,NA,no depletion,522
WLOU.AOS.fish.point.01,WLOU,2023-09-18,9,2023,2023_9,80,1,2.2336180555555556,0.6927707960842936,fixed,9,11,4,NA,NA,NA,depletion,523
WLOU.AOS.fish.point.01,WLOU,2024-07-22,7,2024,2024_7,75,1,2.2336180555555556,0.6927707960842936,fixed,4,8,4,NA,NA,NA,depletion,524
WLOU.AOS.fish.point.01,WLOU,2024-09-16,9,2024,2024_9,75,1,2.2336180555555556,0.6927707960842936,fixed,7,6,6,NA,NA,NA,depletion,525
WLOU.AOS.fish.point.04,WLOU,2017-06-06,6,2017,2017_6,100,1,2.2336180555555556,0.6927707960842936,fixed,6,4,3,NA,NA,NA,depletion,526
WLOU.AOS.fish.point.04,WLOU,2017-09-27,9,2017,2017_9,100,1,2.2336180555555556,0.6927707960842936,fixed,31,8,4,NA,NA,NA,depletion,527
WLOU.AOS.fish.point.04,WLOU,2018-05-30,5,2018,2018_5,100,1,2.2336180555555556,0.6927707960842936,fixed,6,7,5,NA,NA,NA,depletion,528
WLOU.AOS.fish.point.04,WLOU,2018-09-25,9,2018,2018_9,100,1,2.2336180555555556,0.6927707960842936,fixed,20,5,5,NA,NA,NA,depletion,529
WLOU.AOS.fish.point.04,WLOU,2019-09-24,9,2019,2019_9,100,1,2.2336180555555556,0.6927707960842936,fixed,31,7,14,NA,NA,NA,depletion,530
WLOU.AOS.fish.point.04,WLOU,2021-05-25,5,2021,2021_5,81,1,2.2336180555555556,0.6927707960842936,fixed,7,5,4,NA,NA,NA,depletion,531
WLOU.AOS.fish.point.04,WLOU,2021-09-28,9,2021,2021_9,84,1,2.2336180555555556,0.6927707960842936,fixed,15,16,10,NA,NA,NA,depletion,532
WLOU.AOS.fish.point.04,WLOU,2022-07-12,7,2022,2022_7,80,1,2.2336180555555556,0.6927707960842936,fixed,10,7,8,NA,NA,NA,depletion,533
WLOU.AOS.fish.point.04,WLOU,2022-09-20,9,2022,2022_9,91,1,2.2336180555555556,0.6927707960842936,fixed,21,16,6,NA,NA,NA,depletion,534
WLOU.AOS.fish.point.04,WLOU,2023-07-18,7,2023,2023_7,96,1,2.2336180555555556,0.6927707960842936,fixed,4,6,2,NA,NA,NA,depletion,535
WLOU.AOS.fish.point.04,WLOU,2023-09-19,9,2023,2023_9,91,1,2.2336180555555556,0.6927707960842936,fixed,16,12,5,NA,NA,NA,depletion,536
WLOU.AOS.fish.point.04,WLOU,2024-07-23,7,2024,2024_7,93,1,2.2336180555555556,0.6927707960842936,fixed,13,5,6,NA,NA,NA,depletion,537
WLOU.AOS.fish.point.04,WLOU,2024-09-17,9,2024,2024_9,82,1,2.2336180555555556,0.6927707960842936,fixed,8,8,8,NA,NA,NA,depletion,538
WLOU.AOS.fish.point.07,WLOU,2017-06-07,6,2017,2017_6,113,1,2.2336180555555556,0.6927707960842936,fixed,9,2,1,NA,NA,NA,depletion,539
WLOU.AOS.fish.point.07,WLOU,2017-09-28,9,2017,2017_9,119,1,2.2336180555555556,0.6927707960842936,fixed,13,6,5,NA,NA,NA,depletion,540
WLOU.AOS.fish.point.07,WLOU,2018-05-31,5,2018,2018_5,119,1,2.2336180555555556,0.6927707960842936,fixed,2,5,2,NA,NA,NA,depletion,541
WLOU.AOS.fish.point.07,WLOU,2018-09-25,9,2018,2018_9,119,1,2.2336180555555556,0.6927707960842936,fixed,15,7,1,NA,NA,NA,depletion,542
WLOU.AOS.fish.point.07,WLOU,2019-09-25,9,2019,2019_9,119,1,2.2336180555555556,0.6927707960842936,fixed,17,3,5,NA,NA,NA,depletion,543
WLOU.AOS.fish.point.07,WLOU,2021-05-26,5,2021,2021_5,117,1,2.2336180555555556,0.6927707960842936,fixed,10,4,4,NA,NA,NA,depletion,544
WLOU.AOS.fish.point.07,WLOU,2021-09-29,9,2021,2021_9,114,1,2.2336180555555556,0.6927707960842936,fixed,20,10,5,NA,NA,NA,depletion,545
WLOU.AOS.fish.point.07,WLOU,2022-07-13,7,2022,2022_7,113,1,2.2336180555555556,0.6927707960842936,fixed,3,5,4,NA,NA,NA,no depletion,546
WLOU.AOS.fish.point.07,WLOU,2022-09-20,9,2022,2022_9,112,1,2.2336180555555556,0.6927707960842936,fixed,25,9,5,NA,NA,NA,depletion,547
WLOU.AOS.fish.point.07,WLOU,2023-07-19,7,2023,2023_7,120,1,2.2336180555555556,0.6927707960842936,fixed,16,3,2,NA,NA,NA,depletion,548
WLOU.AOS.fish.point.07,WLOU,2023-09-20,9,2023,2023_9,120,1,2.2336180555555556,0.6927707960842936,fixed,18,8,5,NA,NA,NA,depletion,549
WLOU.AOS.fish.point.07,WLOU,2024-09-18,9,2024,2024_9,112,1,2.2336180555555556,0.6927707960842936,fixed,28,11,7,NA,NA,NA,depletion,550
